0 verbose cli C:\Program Files\nodejs\node.exe C:\Program Files\nodejs\node_modules\npm\bin\npm-cli.js
1 info using npm@10.9.2
2 info using node@v22.14.0
3 silly config load:file:C:\Program Files\nodejs\node_modules\npm\npmrc
4 silly config load:file:E:\Food delivery system\backend\.npmrc
5 silly config load:file:C:\Users\HP\.npmrc
6 silly config load:file:E:\Food delivery system\backend\.npm-global\etc\npmrc
7 verbose title npm install
8 verbose argv "install"
9 verbose logfile logs-max:10 dir:E:\Food delivery system\backend\.npm-cache\_logs\2026-09-20T05_24_23_179Z-
10 verbose logfile E:\Food delivery system\backend\.npm-cache\_logs\2026-09-20T05_24_23_179Z-debug-0.log
11 silly logfile done cleaning log files
12 silly packumentCache heap:2197815296 maxSize:549453824 maxEntrySize:274726912
13 silly idealTree buildDeps
14 silly fetch manifest bcryptjs@^2.4.3
15 silly packumentCache full:https://registry.npmjs.org/bcryptjs cache-miss
16 http fetch GET 200 https://registry.npmjs.org/bcryptjs 419ms (cache miss)
17 silly packumentCache full:https://registry.npmjs.org/bcryptjs set size:undefined disposed:false
18 silly fetch manifest cors@^2.8.5
19 silly packumentCache full:https://registry.npmjs.org/cors cache-miss
20 http fetch GET 200 https://registry.npmjs.org/cors 112ms (cache miss)
21 silly packumentCache full:https://registry.npmjs.org/cors set size:undefined disposed:false
22 silly fetch manifest dotenv@^16.4.5
23 silly packumentCache full:https://registry.npmjs.org/dotenv cache-miss
24 http fetch GET 200 https://registry.npmjs.org/npm 788ms
25 http fetch GET 200 https://registry.npmjs.org/dotenv 261ms (cache miss)
26 silly packumentCache full:https://registry.npmjs.org/dotenv set size:undefined disposed:false
27 silly fetch manifest express@^4.19.2
28 silly packumentCache full:https://registry.npmjs.org/express cache-miss
29 http fetch GET 200 https://registry.npmjs.org/express 217ms (cache miss)
30 silly packumentCache full:https://registry.npmjs.org/express set size:undefined disposed:false
31 silly fetch manifest jsonwebtoken@^9.0.2
32 silly packumentCache full:https://registry.npmjs.org/jsonwebtoken cache-miss
33 http fetch GET 200 https://registry.npmjs.org/jsonwebtoken 124ms (cache miss)
34 silly packumentCache full:https://registry.npmjs.org/jsonwebtoken set size:undefined disposed:false
35 silly fetch manifest mongoose@^8.3.1
36 silly packumentCache full:https://registry.npmjs.org/mongoose cache-miss
37 http fetch GET 200 https://registry.npmjs.org/mongoose 241ms (cache miss)
38 silly packumentCache full:https://registry.npmjs.org/mongoose set size:undefined disposed:false
39 silly fetch manifest socket.io@^4.7.5
40 silly packumentCache full:https://registry.npmjs.org/socket.io cache-miss
41 http fetch GET 200 https://registry.npmjs.org/socket.io 181ms (cache miss)
42 silly packumentCache full:https://registry.npmjs.org/socket.io set size:undefined disposed:false
43 silly placeDep ROOT bcryptjs@2.4.3 OK for: backend@1.0.0 want: ^2.4.3
44 silly placeDep ROOT cors@2.8.6 OK for: backend@1.0.0 want: ^2.8.5
45 silly placeDep ROOT dotenv@16.6.1 OK for: backend@1.0.0 want: ^16.4.5
46 silly placeDep ROOT express@4.22.3 OK for: backend@1.0.0 want: ^4.19.2
47 silly placeDep ROOT jsonwebtoken@9.0.3 OK for: backend@1.0.0 want: ^9.0.2
48 silly placeDep ROOT mongoose@8.24.4 OK for: backend@1.0.0 want: ^8.3.1
49 silly placeDep ROOT socket.io@4.8.3 OK for: backend@1.0.0 want: ^4.7.5
50 silly fetch manifest object-assign@^4
51 silly packumentCache full:https://registry.npmjs.org/object-assign cache-miss
52 silly fetch manifest vary@^1
53 silly packumentCache full:https://registry.npmjs.org/vary cache-miss
54 silly fetch manifest qs@~6.16.0
55 silly packumentCache full:https://registry.npmjs.org/qs cache-miss
56 silly fetch manifest depd@2.0.0
57 silly packumentCache full:https://registry.npmjs.org/depd cache-miss
58 silly fetch manifest etag@~1.8.1
59 silly packumentCache full:https://registry.npmjs.org/etag cache-miss
60 silly fetch manifest send@~0.19.0
61 silly packumentCache full:https://registry.npmjs.org/send cache-miss
62 silly fetch manifest vary@~1.1.2
63 silly packumentCache full:https://registry.npmjs.org/vary cache-miss
64 silly fetch manifest debug@2.6.9
65 silly packumentCache full:https://registry.npmjs.org/debug cache-miss
66 silly fetch manifest fresh@~0.5.2
67 silly packumentCache full:https://registry.npmjs.org/fresh cache-miss
68 silly fetch manifest cookie@~0.7.1
69 silly packumentCache full:https://registry.npmjs.org/cookie cache-miss
70 silly fetch manifest accepts@~1.3.8
71 silly packumentCache full:https://registry.npmjs.org/accepts cache-miss
72 http fetch GET 200 https://registry.npmjs.org/object-assign 174ms (cache miss)
73 silly packumentCache full:https://registry.npmjs.org/object-assign set size:undefined disposed:false
74 silly fetch manifest methods@~1.1.2
75 silly packumentCache full:https://registry.npmjs.org/methods cache-miss
76 http fetch GET 200 https://registry.npmjs.org/vary 187ms (cache miss)
77 silly packumentCache full:https://registry.npmjs.org/vary set size:undefined disposed:false
78 silly fetch manifest type-is@~1.6.18
79 silly packumentCache full:https://registry.npmjs.org/type-is cache-miss
80 http fetch GET 200 https://registry.npmjs.org/methods 198ms (cache miss)
81 silly packumentCache full:https://registry.npmjs.org/methods set size:undefined disposed:false
82 silly fetch manifest parseurl@~1.3.3
83 silly packumentCache full:https://registry.npmjs.org/parseurl cache-miss
84 http fetch GET 200 https://registry.npmjs.org/vary 373ms (cache miss)
85 silly packumentCache full:https://registry.npmjs.org/vary set size:undefined disposed:false
86 silly fetch manifest statuses@~2.0.1
87 silly packumentCache full:https://registry.npmjs.org/statuses cache-miss
88 http fetch GET 200 https://registry.npmjs.org/type-is 212ms (cache miss)
89 silly packumentCache full:https://registry.npmjs.org/type-is set size:undefined disposed:false
90 silly fetch manifest encodeurl@~2.0.0
91 silly packumentCache full:https://registry.npmjs.org/encodeurl cache-miss
92 http fetch GET 200 https://registry.npmjs.org/fresh 409ms (cache miss)
93 silly packumentCache full:https://registry.npmjs.org/fresh set size:undefined disposed:false
94 silly fetch manifest proxy-addr@~2.0.7
95 silly packumentCache full:https://registry.npmjs.org/proxy-addr cache-miss
96 http fetch GET 200 https://registry.npmjs.org/etag 419ms (cache miss)
97 silly packumentCache full:https://registry.npmjs.org/etag set size:undefined disposed:false
98 silly fetch manifest body-parser@~1.20.5
99 silly packumentCache full:https://registry.npmjs.org/body-parser cache-miss
100 http fetch GET 200 https://registry.npmjs.org/depd 427ms (cache miss)
101 silly packumentCache full:https://registry.npmjs.org/depd set size:undefined disposed:false
102 silly fetch manifest escape-html@~1.0.3
103 silly packumentCache full:https://registry.npmjs.org/escape-html cache-miss
104 http fetch GET 200 https://registry.npmjs.org/accepts 430ms (cache miss)
105 silly packumentCache full:https://registry.npmjs.org/accepts set size:undefined disposed:false
106 silly fetch manifest http-errors@~2.0.0
107 silly packumentCache full:https://registry.npmjs.org/http-errors cache-miss
108 http fetch GET 200 https://registry.npmjs.org/cookie 439ms (cache miss)
109 silly packumentCache full:https://registry.npmjs.org/cookie set size:undefined disposed:false
110 silly fetch manifest on-finished@~2.4.1
111 silly packumentCache full:https://registry.npmjs.org/on-finished cache-miss
112 http fetch GET 200 https://registry.npmjs.org/send 453ms (cache miss)
113 silly packumentCache full:https://registry.npmjs.org/send set size:undefined disposed:false
114 silly fetch manifest safe-buffer@5.2.1
115 silly packumentCache full:https://registry.npmjs.org/safe-buffer cache-miss
116 http fetch GET 200 https://registry.npmjs.org/debug 485ms (cache miss)
117 silly packumentCache full:https://registry.npmjs.org/debug set size:undefined disposed:false
118 silly fetch manifest utils-merge@1.0.1
119 silly packumentCache full:https://registry.npmjs.org/utils-merge cache-miss
120 http fetch GET 200 https://registry.npmjs.org/statuses 143ms (cache miss)
121 silly packumentCache full:https://registry.npmjs.org/statuses set size:undefined disposed:false
122 silly fetch manifest content-type@~1.0.4
123 silly packumentCache full:https://registry.npmjs.org/content-type cache-miss
124 http fetch GET 200 https://registry.npmjs.org/parseurl 162ms (cache miss)
125 silly packumentCache full:https://registry.npmjs.org/parseurl set size:undefined disposed:false
126 silly fetch manifest finalhandler@~1.3.1
127 silly packumentCache full:https://registry.npmjs.org/finalhandler cache-miss
128 http fetch GET 200 https://registry.npmjs.org/qs 541ms (cache miss)
129 silly packumentCache full:https://registry.npmjs.org/qs set size:undefined disposed:false
130 silly fetch manifest range-parser@~1.2.1
131 silly packumentCache full:https://registry.npmjs.org/range-parser cache-miss
132 http fetch GET 200 https://registry.npmjs.org/encodeurl 170ms (cache miss)
133 silly packumentCache full:https://registry.npmjs.org/encodeurl set size:undefined disposed:false
134 silly fetch manifest serve-static@~1.16.2
135 silly packumentCache full:https://registry.npmjs.org/serve-static cache-miss
136 http fetch GET 200 https://registry.npmjs.org/escape-html 159ms (cache miss)
137 silly packumentCache full:https://registry.npmjs.org/escape-html set size:undefined disposed:false
138 silly fetch manifest array-flatten@1.1.1
139 silly packumentCache full:https://registry.npmjs.org/array-flatten cache-miss
140 http fetch GET 200 https://registry.npmjs.org/http-errors 164ms (cache miss)
141 silly packumentCache full:https://registry.npmjs.org/http-errors set size:undefined disposed:false
142 silly fetch manifest path-to-regexp@~0.1.13
143 silly packumentCache full:https://registry.npmjs.org/path-to-regexp cache-miss
144 http fetch GET 200 https://registry.npmjs.org/proxy-addr 193ms (cache miss)
145 silly packumentCache full:https://registry.npmjs.org/proxy-addr set size:undefined disposed:false
146 silly fetch manifest setprototypeof@1.2.0
147 silly packumentCache full:https://registry.npmjs.org/setprototypeof cache-miss
148 http fetch GET 200 https://registry.npmjs.org/on-finished 166ms (cache miss)
149 silly packumentCache full:https://registry.npmjs.org/on-finished set size:undefined disposed:false
150 silly fetch manifest cookie-signature@~1.0.6
151 silly packumentCache full:https://registry.npmjs.org/cookie-signature cache-miss
152 http fetch GET 200 https://registry.npmjs.org/safe-buffer 156ms (cache miss)
153 silly packumentCache full:https://registry.npmjs.org/safe-buffer set size:undefined disposed:false
154 silly fetch manifest merge-descriptors@1.0.3
155 silly packumentCache full:https://registry.npmjs.org/merge-descriptors cache-miss
156 http fetch GET 200 https://registry.npmjs.org/utils-merge 128ms (cache miss)
157 silly packumentCache full:https://registry.npmjs.org/utils-merge set size:undefined disposed:false
158 silly fetch manifest content-disposition@~0.5.4
159 silly packumentCache full:https://registry.npmjs.org/content-disposition cache-miss
160 http fetch GET 200 https://registry.npmjs.org/body-parser 214ms (cache miss)
161 silly packumentCache full:https://registry.npmjs.org/body-parser set size:undefined disposed:false
162 silly fetch manifest ms@^2.1.1
163 silly packumentCache full:https://registry.npmjs.org/ms cache-miss
164 http fetch GET 200 https://registry.npmjs.org/finalhandler 132ms (cache miss)
165 silly packumentCache full:https://registry.npmjs.org/finalhandler set size:undefined disposed:false
166 silly fetch manifest jws@^4.0.1
167 silly packumentCache full:https://registry.npmjs.org/jws cache-miss
168 http fetch GET 200 https://registry.npmjs.org/range-parser 136ms (cache miss)
169 silly packumentCache full:https://registry.npmjs.org/range-parser set size:undefined disposed:false
170 silly fetch manifest semver@^7.5.4
171 silly packumentCache full:https://registry.npmjs.org/semver cache-miss
172 http fetch GET 200 https://registry.npmjs.org/array-flatten 124ms (cache miss)
173 silly packumentCache full:https://registry.npmjs.org/array-flatten set size:undefined disposed:false
174 silly fetch manifest lodash.once@^4.0.0
175 silly packumentCache full:https://registry.npmjs.org/lodash.once cache-miss
176 http fetch GET 200 https://registry.npmjs.org/setprototypeof 138ms (cache miss)
177 silly packumentCache full:https://registry.npmjs.org/setprototypeof set size:undefined disposed:false
178 silly fetch manifest lodash.includes@^4.3.0
179 silly packumentCache full:https://registry.npmjs.org/lodash.includes cache-miss
180 http fetch GET 200 https://registry.npmjs.org/serve-static 178ms (cache miss)
181 silly packumentCache full:https://registry.npmjs.org/serve-static set size:undefined disposed:false
182 silly fetch manifest lodash.isnumber@^3.0.3
183 silly packumentCache full:https://registry.npmjs.org/lodash.isnumber cache-miss
184 http fetch GET 200 https://registry.npmjs.org/merge-descriptors 148ms (cache miss)
185 silly packumentCache full:https://registry.npmjs.org/merge-descriptors set size:undefined disposed:false
186 silly fetch manifest lodash.isstring@^4.0.1
187 silly packumentCache full:https://registry.npmjs.org/lodash.isstring cache-miss
188 http fetch GET 200 https://registry.npmjs.org/content-disposition 146ms (cache miss)
189 silly packumentCache full:https://registry.npmjs.org/content-disposition set size:undefined disposed:false
190 silly fetch manifest lodash.isboolean@^3.0.3
191 silly packumentCache full:https://registry.npmjs.org/lodash.isboolean cache-miss
192 http fetch GET 200 https://registry.npmjs.org/cookie-signature 164ms (cache miss)
193 silly packumentCache full:https://registry.npmjs.org/cookie-signature set size:undefined disposed:false
194 silly fetch manifest lodash.isinteger@^4.0.4
195 silly packumentCache full:https://registry.npmjs.org/lodash.isinteger cache-miss
196 http fetch GET 200 https://registry.npmjs.org/path-to-regexp 191ms (cache miss)
197 silly packumentCache full:https://registry.npmjs.org/path-to-regexp set size:undefined disposed:false
198 silly fetch manifest lodash.isplainobject@^4.0.6
199 silly packumentCache full:https://registry.npmjs.org/lodash.isplainobject cache-miss
200 http fetch GET 200 https://registry.npmjs.org/jws 162ms (cache miss)
201 silly packumentCache full:https://registry.npmjs.org/jws set size:undefined disposed:false
202 silly fetch manifest ms@2.1.3
203 silly packumentCache full:https://registry.npmjs.org/ms cache-miss
204 http fetch GET 200 https://registry.npmjs.org/ms 197ms (cache miss)
205 silly packumentCache full:https://registry.npmjs.org/ms set size:undefined disposed:false
206 silly fetch manifest bson@^6.10.4
207 silly packumentCache full:https://registry.npmjs.org/bson cache-miss
208 http fetch GET 200 https://registry.npmjs.org/lodash.once 161ms (cache miss)
209 silly packumentCache full:https://registry.npmjs.org/lodash.once set size:undefined disposed:false
210 silly fetch manifest sift@17.1.3
211 silly packumentCache full:https://registry.npmjs.org/sift cache-miss
212 http fetch GET 200 https://registry.npmjs.org/content-type 374ms (cache miss)
213 silly packumentCache full:https://registry.npmjs.org/content-type set size:undefined disposed:false
214 silly fetch manifest mpath@0.9.0
215 silly packumentCache full:https://registry.npmjs.org/mpath cache-miss
216 http fetch GET 200 https://registry.npmjs.org/lodash.includes 154ms (cache miss)
217 silly packumentCache full:https://registry.npmjs.org/lodash.includes set size:undefined disposed:false
218 silly fetch manifest kareem@2.6.3
219 silly packumentCache full:https://registry.npmjs.org/kareem cache-miss
220 http fetch GET 200 https://registry.npmjs.org/lodash.isnumber 153ms (cache miss)
221 silly packumentCache full:https://registry.npmjs.org/lodash.isnumber set size:undefined disposed:false
222 silly fetch manifest mquery@5.0.0
223 silly packumentCache full:https://registry.npmjs.org/mquery cache-miss
224 http fetch GET 200 https://registry.npmjs.org/semver 242ms (cache miss)
225 silly packumentCache full:https://registry.npmjs.org/semver set size:undefined disposed:false
226 silly fetch manifest mongodb@~6.20.0
227 silly packumentCache full:https://registry.npmjs.org/mongodb cache-miss
228 http fetch GET 200 https://registry.npmjs.org/lodash.isstring 347ms (cache miss)
229 silly packumentCache full:https://registry.npmjs.org/lodash.isstring set size:undefined disposed:false
230 silly fetch manifest accepts@~1.3.4
231 silly packumentCache full:https://registry.npmjs.org/accepts cache-miss
232 http fetch GET 200 https://registry.npmjs.org/lodash.isboolean 350ms (cache miss)
233 silly packumentCache full:https://registry.npmjs.org/lodash.isboolean set size:undefined disposed:false
234 silly fetch manifest base64id@~2.0.0
235 silly packumentCache full:https://registry.npmjs.org/base64id cache-miss
236 http fetch GET 200 https://registry.npmjs.org/lodash.isinteger 356ms (cache miss)
237 silly packumentCache full:https://registry.npmjs.org/lodash.isinteger set size:undefined disposed:false
238 silly fetch manifest debug@~4.4.1
239 silly packumentCache full:https://registry.npmjs.org/debug cache-miss
240 http fetch GET 200 https://registry.npmjs.org/lodash.isplainobject 368ms (cache miss)
241 silly packumentCache full:https://registry.npmjs.org/lodash.isplainobject set size:undefined disposed:false
242 silly fetch manifest engine.io@~6.6.0
243 silly packumentCache full:https://registry.npmjs.org/engine.io cache-miss
244 http fetch GET 200 https://registry.npmjs.org/mpath 288ms (cache miss)
245 silly packumentCache full:https://registry.npmjs.org/mpath set size:undefined disposed:false
246 silly fetch manifest socket.io-adapter@~2.5.2
247 silly packumentCache full:https://registry.npmjs.org/socket.io-adapter cache-miss
248 http fetch GET 200 https://registry.npmjs.org/ms 372ms (cache miss)
249 silly packumentCache full:https://registry.npmjs.org/ms set size:undefined disposed:false
250 silly fetch manifest socket.io-parser@~4.2.4
251 silly packumentCache full:https://registry.npmjs.org/socket.io-parser cache-miss
252 http cache https://registry.npmjs.org/accepts 101ms (cache hit)
253 silly packumentCache full:https://registry.npmjs.org/accepts set size:77054 disposed:false
254 http cache https://registry.npmjs.org/debug 89ms (cache hit)
255 silly packumentCache full:https://registry.npmjs.org/debug set size:195840 disposed:false
256 http fetch GET 200 https://registry.npmjs.org/mquery 329ms (cache miss)
257 silly packumentCache full:https://registry.npmjs.org/mquery set size:undefined disposed:false
258 http fetch GET 200 https://registry.npmjs.org/sift 379ms (cache miss)
259 silly packumentCache full:https://registry.npmjs.org/sift set size:undefined disposed:false
260 http fetch GET 200 https://registry.npmjs.org/bson 437ms (cache miss)
261 silly packumentCache full:https://registry.npmjs.org/bson set size:undefined disposed:false
262 http fetch GET 200 https://registry.npmjs.org/kareem 402ms (cache miss)
263 silly packumentCache full:https://registry.npmjs.org/kareem set size:undefined disposed:false
264 http fetch GET 200 https://registry.npmjs.org/socket.io-parser 146ms (cache miss)
265 silly packumentCache full:https://registry.npmjs.org/socket.io-parser set size:undefined disposed:false
266 http fetch GET 200 https://registry.npmjs.org/socket.io-adapter 169ms (cache miss)
267 silly packumentCache full:https://registry.npmjs.org/socket.io-adapter set size:undefined disposed:false
268 http fetch GET 200 https://registry.npmjs.org/engine.io 187ms (cache miss)
269 silly packumentCache full:https://registry.npmjs.org/engine.io set size:undefined disposed:false
270 http fetch GET 200 https://registry.npmjs.org/base64id 300ms (cache miss)
271 silly packumentCache full:https://registry.npmjs.org/base64id set size:undefined disposed:false
272 http fetch GET 200 https://registry.npmjs.org/mongodb 487ms (cache miss)
273 silly packumentCache full:https://registry.npmjs.org/mongodb set size:undefined disposed:false
274 silly placeDep ROOT object-assign@4.1.1 OK for: cors@2.8.6 want: ^4
275 silly placeDep ROOT vary@1.1.2 OK for: cors@2.8.6 want: ^1
276 silly placeDep ROOT accepts@1.3.8 OK for: express@4.22.3 want: ~1.3.8
277 silly placeDep ROOT array-flatten@1.1.1 OK for: express@4.22.3 want: 1.1.1
278 silly placeDep ROOT body-parser@1.20.8 OK for: express@4.22.3 want: ~1.20.5
279 silly placeDep ROOT content-disposition@0.5.4 OK for: express@4.22.3 want: ~0.5.4
280 silly placeDep ROOT content-type@1.0.5 OK for: express@4.22.3 want: ~1.0.4
281 silly placeDep ROOT cookie@0.7.2 OK for: express@4.22.3 want: ~0.7.1
282 silly placeDep ROOT cookie-signature@1.0.7 OK for: express@4.22.3 want: ~1.0.6
283 silly placeDep ROOT debug@2.6.9 OK for: express@4.22.3 want: 2.6.9
284 silly placeDep ROOT depd@2.0.0 OK for: express@4.22.3 want: 2.0.0
285 silly placeDep ROOT encodeurl@2.0.0 OK for: express@4.22.3 want: ~2.0.0
286 silly placeDep ROOT escape-html@1.0.3 OK for: express@4.22.3 want: ~1.0.3
287 silly placeDep ROOT etag@1.8.1 OK for: express@4.22.3 want: ~1.8.1
288 silly placeDep ROOT finalhandler@1.3.2 OK for: express@4.22.3 want: ~1.3.1
289 silly placeDep ROOT fresh@0.5.2 OK for: express@4.22.3 want: ~0.5.2
290 silly placeDep ROOT http-errors@2.0.1 OK for: express@4.22.3 want: ~2.0.0
291 silly placeDep ROOT merge-descriptors@1.0.3 OK for: express@4.22.3 want: 1.0.3
292 silly placeDep ROOT methods@1.1.2 OK for: express@4.22.3 want: ~1.1.2
293 silly placeDep ROOT on-finished@2.4.1 OK for: express@4.22.3 want: ~2.4.1
294 silly placeDep ROOT parseurl@1.3.3 OK for: express@4.22.3 want: ~1.3.3
295 silly placeDep ROOT path-to-regexp@0.1.13 OK for: express@4.22.3 want: ~0.1.13
296 silly placeDep ROOT proxy-addr@2.0.8 OK for: express@4.22.3 want: ~2.0.7
297 silly placeDep ROOT qs@6.16.0 OK for: express@4.22.3 want: ~6.16.0
298 silly placeDep ROOT range-parser@1.2.1 OK for: express@4.22.3 want: ~1.2.1
299 silly placeDep ROOT safe-buffer@5.2.1 OK for: express@4.22.3 want: 5.2.1
300 silly placeDep ROOT send@0.19.2 OK for: express@4.22.3 want: ~0.19.0
301 silly placeDep ROOT serve-static@1.16.3 OK for: express@4.22.3 want: ~1.16.2
302 silly placeDep ROOT setprototypeof@1.2.0 OK for: express@4.22.3 want: 1.2.0
303 silly placeDep ROOT statuses@2.0.2 OK for: express@4.22.3 want: ~2.0.1
304 silly placeDep ROOT type-is@1.6.18 OK for: express@4.22.3 want: ~1.6.18
305 silly placeDep ROOT utils-merge@1.0.1 OK for: express@4.22.3 want: 1.0.1
306 silly fetch manifest mime-types@~2.1.34
307 silly packumentCache full:https://registry.npmjs.org/mime-types cache-miss
308 silly fetch manifest negotiator@0.6.3
309 silly packumentCache full:https://registry.npmjs.org/negotiator cache-miss
310 silly fetch manifest bytes@~3.1.2
311 silly packumentCache full:https://registry.npmjs.org/bytes cache-miss
312 silly fetch manifest unpipe@~1.0.0
313 silly packumentCache full:https://registry.npmjs.org/unpipe cache-miss
314 silly fetch manifest destroy@~1.2.0
315 silly packumentCache full:https://registry.npmjs.org/destroy cache-miss
316 silly fetch manifest raw-body@~2.5.3
317 silly packumentCache full:https://registry.npmjs.org/raw-body cache-miss
318 silly fetch manifest iconv-lite@~0.4.24
319 silly packumentCache full:https://registry.npmjs.org/iconv-lite cache-miss
320 silly fetch manifest http-errors@~2.0.1
321 silly packumentCache full:https://registry.npmjs.org/http-errors cache-miss
322 silly fetch manifest content-type@~1.0.5
323 silly packumentCache full:https://registry.npmjs.org/content-type cache-miss
324 silly fetch manifest ms@2.0.0
325 silly packumentCache full:https://registry.npmjs.org/ms cache-miss
326 silly fetch manifest unpipe@~1.0.0
327 silly packumentCache full:https://registry.npmjs.org/unpipe cache-miss
328 http cache https://registry.npmjs.org/http-errors 78ms (cache hit)
329 silly packumentCache full:https://registry.npmjs.org/http-errors set size:71987 disposed:false
330 silly fetch manifest statuses@~2.0.2
331 silly packumentCache full:https://registry.npmjs.org/statuses cache-miss
332 http cache https://registry.npmjs.org/content-type 124ms (cache hit)
333 silly packumentCache full:https://registry.npmjs.org/content-type set size:29578 disposed:false
334 silly fetch manifest inherits@~2.0.4
335 silly packumentCache full:https://registry.npmjs.org/inherits cache-miss
336 http cache https://registry.npmjs.org/ms 211ms (cache hit)
337 silly packumentCache full:https://registry.npmjs.org/ms set size:92208 disposed:false
338 silly fetch manifest setprototypeof@~1.2.0
339 silly packumentCache full:https://registry.npmjs.org/setprototypeof cache-miss
340 http fetch GET 200 https://registry.npmjs.org/destroy 303ms (cache miss)
341 silly packumentCache full:https://registry.npmjs.org/destroy set size:undefined disposed:false
342 silly fetch manifest statuses@~2.0.2
343 silly packumentCache full:https://registry.npmjs.org/statuses cache-miss
344 http fetch GET 200 https://registry.npmjs.org/bytes 309ms (cache miss)
345 silly packumentCache full:https://registry.npmjs.org/bytes set size:undefined disposed:false
346 silly fetch manifest toidentifier@~1.0.1
347 silly packumentCache full:https://registry.npmjs.org/toidentifier cache-miss
348 http fetch GET 200 https://registry.npmjs.org/unpipe 311ms (cache miss)
349 silly packumentCache full:https://registry.npmjs.org/unpipe set size:undefined disposed:false
350 silly fetch manifest ee-first@1.1.1
351 silly packumentCache full:https://registry.npmjs.org/ee-first cache-miss
352 http cache https://registry.npmjs.org/setprototypeof 88ms (cache hit)
353 silly packumentCache full:https://registry.npmjs.org/setprototypeof set size:14532 disposed:false
354 silly fetch manifest forwarded@0.2.0
355 silly packumentCache full:https://registry.npmjs.org/forwarded cache-miss
356 http cache https://registry.npmjs.org/statuses 221ms (cache hit)
357 silly packumentCache full:https://registry.npmjs.org/statuses set size:37117 disposed:false
358 silly fetch manifest ipaddr.js@1.9.1
359 silly packumentCache full:https://registry.npmjs.org/ipaddr.js cache-miss
360 http fetch GET 200 https://registry.npmjs.org/unpipe 313ms (cache miss)
361 silly packumentCache full:https://registry.npmjs.org/unpipe set size:undefined disposed:false
362 silly fetch manifest side-channel@^1.1.1
363 silly packumentCache full:https://registry.npmjs.org/side-channel cache-miss
364 http fetch GET 200 https://registry.npmjs.org/negotiator 336ms (cache miss)
365 silly packumentCache full:https://registry.npmjs.org/negotiator set size:undefined disposed:false
366 silly fetch manifest es-define-property@^1.0.1
367 silly packumentCache full:https://registry.npmjs.org/es-define-property cache-miss
368 http fetch GET 200 https://registry.npmjs.org/iconv-lite 337ms (cache miss)
369 silly packumentCache full:https://registry.npmjs.org/iconv-lite set size:undefined disposed:false
370 silly fetch manifest mime@1.6.0
371 silly packumentCache full:https://registry.npmjs.org/mime cache-miss
372 http fetch GET 200 https://registry.npmjs.org/mime-types 351ms (cache miss)
373 silly packumentCache full:https://registry.npmjs.org/mime-types set size:undefined disposed:false
374 silly fetch manifest destroy@1.2.0
375 silly packumentCache full:https://registry.npmjs.org/destroy cache-miss
376 http fetch GET 200 https://registry.npmjs.org/raw-body 351ms (cache miss)
377 silly packumentCache full:https://registry.npmjs.org/raw-body set size:undefined disposed:false
378 silly fetch manifest mime-types@~2.1.24
379 silly packumentCache full:https://registry.npmjs.org/mime-types cache-miss
380 http cache https://registry.npmjs.org/statuses 66ms (cache hit)
381 silly packumentCache full:https://registry.npmjs.org/statuses set size:37117 disposed:false
382 silly packumentCache full:https://registry.npmjs.org/statuses dispose
383 silly fetch manifest media-typer@0.3.0
384 silly packumentCache full:https://registry.npmjs.org/media-typer cache-miss
385 http cache https://registry.npmjs.org/destroy 34ms (cache hit)
386 silly packumentCache full:https://registry.npmjs.org/destroy set size:15738 disposed:false
387 http fetch GET 200 https://registry.npmjs.org/inherits 239ms (cache miss)
388 silly packumentCache full:https://registry.npmjs.org/inherits set size:undefined disposed:false
389 http cache https://registry.npmjs.org/mime-types 58ms (cache hit)
390 silly packumentCache full:https://registry.npmjs.org/mime-types set size:139110 disposed:false
391 http fetch GET 200 https://registry.npmjs.org/toidentifier 137ms (cache miss)
392 silly packumentCache full:https://registry.npmjs.org/toidentifier set size:undefined disposed:false
393 http fetch GET 200 https://registry.npmjs.org/side-channel 121ms (cache miss)
394 silly packumentCache full:https://registry.npmjs.org/side-channel set size:undefined disposed:false
395 http fetch GET 200 https://registry.npmjs.org/ee-first 139ms (cache miss)
396 silly packumentCache full:https://registry.npmjs.org/ee-first set size:undefined disposed:false
397 http fetch GET 200 https://registry.npmjs.org/forwarded 138ms (cache miss)
398 silly packumentCache full:https://registry.npmjs.org/forwarded set size:undefined disposed:false
399 http fetch GET 200 https://registry.npmjs.org/es-define-property 120ms (cache miss)
400 silly packumentCache full:https://registry.npmjs.org/es-define-property set size:undefined disposed:false
401 http fetch GET 200 https://registry.npmjs.org/ipaddr.js 141ms (cache miss)
402 silly packumentCache full:https://registry.npmjs.org/ipaddr.js set size:undefined disposed:false
403 http fetch GET 200 https://registry.npmjs.org/mime 124ms (cache miss)
404 silly packumentCache full:https://registry.npmjs.org/mime set size:undefined disposed:false
405 http fetch GET 200 https://registry.npmjs.org/media-typer 102ms (cache miss)
406 silly packumentCache full:https://registry.npmjs.org/media-typer set size:undefined disposed:false
407 silly placeDep ROOT mime-types@2.1.35 OK for: accepts@1.3.8 want: ~2.1.34
408 silly placeDep ROOT negotiator@0.6.3 OK for: accepts@1.3.8 want: 0.6.3
409 silly fetch manifest mime-db@1.52.0
410 silly packumentCache full:https://registry.npmjs.org/mime-db cache-miss
411 http fetch GET 200 https://registry.npmjs.org/mime-db 112ms (cache miss)
412 silly packumentCache full:https://registry.npmjs.org/mime-db set size:undefined disposed:false
413 silly placeDep ROOT bytes@3.1.2 OK for: body-parser@1.20.8 want: ~3.1.2
414 silly placeDep ROOT destroy@1.2.0 OK for: body-parser@1.20.8 want: ~1.2.0
415 silly placeDep ROOT iconv-lite@0.4.24 OK for: body-parser@1.20.8 want: ~0.4.24
416 silly placeDep ROOT raw-body@2.5.3 OK for: body-parser@1.20.8 want: ~2.5.3
417 silly placeDep ROOT unpipe@1.0.0 OK for: body-parser@1.20.8 want: ~1.0.0
418 silly fetch manifest safer-buffer@>= 2.1.2 < 3
419 silly packumentCache full:https://registry.npmjs.org/safer-buffer cache-miss
420 http fetch GET 200 https://registry.npmjs.org/safer-buffer 88ms (cache miss)
421 silly packumentCache full:https://registry.npmjs.org/safer-buffer set size:undefined disposed:false
422 silly placeDep ROOT ms@2.0.0 OK for: debug@2.6.9 want: 2.0.0
423 silly placeDep ROOT inherits@2.0.4 OK for: http-errors@2.0.1 want: ~2.0.4
424 silly placeDep ROOT toidentifier@1.0.1 OK for: http-errors@2.0.1 want: ~1.0.1
425 silly placeDep ROOT safer-buffer@2.1.2 OK for: iconv-lite@0.4.24 want: >= 2.1.2 < 3
426 silly placeDep ROOT jws@4.0.1 OK for: jsonwebtoken@9.0.3 want: ^4.0.1
427 silly placeDep ROOT lodash.includes@4.3.0 OK for: jsonwebtoken@9.0.3 want: ^4.3.0
428 silly placeDep ROOT lodash.isboolean@3.0.3 OK for: jsonwebtoken@9.0.3 want: ^3.0.3
429 silly placeDep ROOT lodash.isinteger@4.0.4 OK for: jsonwebtoken@9.0.3 want: ^4.0.4
430 silly placeDep ROOT lodash.isnumber@3.0.3 OK for: jsonwebtoken@9.0.3 want: ^3.0.3
431 silly placeDep ROOT lodash.isplainobject@4.0.6 OK for: jsonwebtoken@9.0.3 want: ^4.0.6
432 silly placeDep ROOT lodash.isstring@4.0.1 OK for: jsonwebtoken@9.0.3 want: ^4.0.1
433 silly placeDep ROOT lodash.once@4.1.1 OK for: jsonwebtoken@9.0.3 want: ^4.0.0
434 silly placeDep node_modules/jsonwebtoken ms@2.1.3 OK for: jsonwebtoken@9.0.3 want: ^2.1.1
435 silly placeDep ROOT semver@7.8.5 OK for: jsonwebtoken@9.0.3 want: ^7.5.4
436 silly fetch manifest jwa@^2.0.1
437 silly packumentCache full:https://registry.npmjs.org/jwa cache-miss
438 http fetch GET 200 https://registry.npmjs.org/jwa 127ms (cache miss)
439 silly packumentCache full:https://registry.npmjs.org/jwa set size:undefined disposed:false
440 silly placeDep ROOT jwa@2.0.1 OK for: jws@4.0.1 want: ^2.0.1
441 silly fetch manifest ecdsa-sig-formatter@1.0.11
442 silly packumentCache full:https://registry.npmjs.org/ecdsa-sig-formatter cache-miss
443 silly fetch manifest buffer-equal-constant-time@^1.0.1
444 silly packumentCache full:https://registry.npmjs.org/buffer-equal-constant-time cache-miss
445 http fetch GET 200 https://registry.npmjs.org/buffer-equal-constant-time 122ms (cache miss)
446 silly packumentCache full:https://registry.npmjs.org/buffer-equal-constant-time set size:undefined disposed:false
447 http fetch GET 200 https://registry.npmjs.org/ecdsa-sig-formatter 131ms (cache miss)
448 silly packumentCache full:https://registry.npmjs.org/ecdsa-sig-formatter set size:undefined disposed:false
449 silly placeDep ROOT buffer-equal-constant-time@1.0.1 OK for: jwa@2.0.1 want: ^1.0.1
450 silly placeDep ROOT ecdsa-sig-formatter@1.0.11 OK for: jwa@2.0.1 want: 1.0.11
451 silly placeDep ROOT mime-db@1.52.0 OK for: mime-types@2.1.35 want: 1.52.0
452 silly fetch manifest @aws-sdk/credential-providers@^3.188.0
453 silly packumentCache full:https://registry.npmjs.org/@aws-sdk%2fcredential-providers cache-miss
454 http fetch GET 200 https://registry.npmjs.org/@aws-sdk%2fcredential-providers 265ms (cache miss)
455 silly packumentCache full:https://registry.npmjs.org/@aws-sdk%2fcredential-providers set size:undefined disposed:false
456 silly fetch manifest @mongodb-js/zstd@^1.1.0 || ^2.0.0
457 silly packumentCache full:https://registry.npmjs.org/@mongodb-js%2fzstd cache-miss
458 http fetch GET 200 https://registry.npmjs.org/@mongodb-js%2fzstd 123ms (cache miss)
459 silly packumentCache full:https://registry.npmjs.org/@mongodb-js%2fzstd set size:undefined disposed:false
460 silly fetch manifest gcp-metadata@^5.2.0
461 silly packumentCache full:https://registry.npmjs.org/gcp-metadata cache-miss
462 http fetch GET 200 https://registry.npmjs.org/gcp-metadata 94ms (cache miss)
463 silly packumentCache full:https://registry.npmjs.org/gcp-metadata set size:undefined disposed:false
464 silly fetch manifest kerberos@^2.0.1
465 silly packumentCache full:https://registry.npmjs.org/kerberos cache-miss
466 http fetch GET 200 https://registry.npmjs.org/kerberos 333ms (cache miss)
467 silly packumentCache full:https://registry.npmjs.org/kerberos set size:undefined disposed:false
468 silly fetch manifest mongodb-client-encryption@>=6.0.0 <7
469 silly packumentCache full:https://registry.npmjs.org/mongodb-client-encryption cache-miss
470 http fetch GET 200 https://registry.npmjs.org/mongodb-client-encryption 121ms (cache miss)
471 silly packumentCache full:https://registry.npmjs.org/mongodb-client-encryption set size:undefined disposed:false
472 silly fetch manifest snappy@^7.3.2
473 silly packumentCache full:https://registry.npmjs.org/snappy cache-miss
474 http fetch GET 200 https://registry.npmjs.org/snappy 94ms (cache miss)
475 silly packumentCache full:https://registry.npmjs.org/snappy set size:undefined disposed:false
476 silly fetch manifest socks@^2.7.1
477 silly packumentCache full:https://registry.npmjs.org/socks cache-miss
478 http fetch GET 200 https://registry.npmjs.org/socks 99ms (cache miss)
479 silly packumentCache full:https://registry.npmjs.org/socks set size:undefined disposed:false
480 silly placeDep ROOT bson@6.10.4 OK for: mongoose@8.24.4 want: ^6.10.4
481 silly placeDep ROOT kareem@2.6.3 OK for: mongoose@8.24.4 want: 2.6.3
482 silly placeDep ROOT mongodb@6.20.0 OK for: mongoose@8.24.4 want: ~6.20.0
483 silly placeDep ROOT mpath@0.9.0 OK for: mongoose@8.24.4 want: 0.9.0
484 silly placeDep ROOT mquery@5.0.0 OK for: mongoose@8.24.4 want: 5.0.0
485 silly placeDep node_modules/mongoose ms@2.1.3 OK for: mongoose@8.24.4 want: 2.1.3
486 silly placeDep ROOT sift@17.1.3 OK for: mongoose@8.24.4 want: 17.1.3
487 silly fetch manifest @mongodb-js/saslprep@^1.3.0
488 silly packumentCache full:https://registry.npmjs.org/@mongodb-js%2fsaslprep cache-miss
489 silly fetch manifest mongodb-connection-string-url@^3.0.2
490 silly packumentCache full:https://registry.npmjs.org/mongodb-connection-string-url cache-miss
491 silly fetch manifest debug@4.x
492 silly packumentCache full:https://registry.npmjs.org/debug cache-hit
493 http fetch GET 200 https://registry.npmjs.org/mongodb-connection-string-url 158ms (cache miss)
494 silly packumentCache full:https://registry.npmjs.org/mongodb-connection-string-url set size:undefined disposed:false
495 http fetch GET 200 https://registry.npmjs.org/@mongodb-js%2fsaslprep 163ms (cache miss)
496 silly packumentCache full:https://registry.npmjs.org/@mongodb-js%2fsaslprep set size:undefined disposed:false
497 silly placeDep ROOT @mongodb-js/saslprep@1.5.4 OK for: mongodb@6.20.0 want: ^1.3.0
498 silly placeDep ROOT mongodb-connection-string-url@3.0.2 OK for: mongodb@6.20.0 want: ^3.0.2
499 silly fetch manifest sparse-bitfield@^3.0.3
500 silly packumentCache full:https://registry.npmjs.org/sparse-bitfield cache-miss
501 silly fetch manifest whatwg-url@^14.1.0 || ^13.0.0
502 silly packumentCache full:https://registry.npmjs.org/whatwg-url cache-miss
503 silly fetch manifest @types/whatwg-url@^11.0.2
504 silly packumentCache full:https://registry.npmjs.org/@types%2fwhatwg-url cache-miss
505 http fetch GET 200 https://registry.npmjs.org/@types%2fwhatwg-url 256ms (cache miss)
506 silly packumentCache full:https://registry.npmjs.org/@types%2fwhatwg-url set size:undefined disposed:false
507 http fetch GET 200 https://registry.npmjs.org/sparse-bitfield 303ms (cache miss)
508 silly packumentCache full:https://registry.npmjs.org/sparse-bitfield set size:undefined disposed:false
509 http fetch GET 200 https://registry.npmjs.org/whatwg-url 310ms (cache miss)
510 silly packumentCache full:https://registry.npmjs.org/whatwg-url set size:undefined disposed:false
511 silly placeDep ROOT sparse-bitfield@3.0.3 OK for: @mongodb-js/saslprep@1.5.4 want: ^3.0.3
512 silly fetch manifest memory-pager@^1.0.2
513 silly packumentCache full:https://registry.npmjs.org/memory-pager cache-miss
514 http fetch GET 200 https://registry.npmjs.org/memory-pager 134ms (cache miss)
515 silly packumentCache full:https://registry.npmjs.org/memory-pager set size:undefined disposed:false
516 silly placeDep ROOT @types/whatwg-url@11.0.5 OK for: mongodb-connection-string-url@3.0.2 want: ^11.0.2
517 silly placeDep ROOT whatwg-url@14.2.0 OK for: mongodb-connection-string-url@3.0.2 want: ^14.1.0 || ^13.0.0
518 silly fetch manifest @types/webidl-conversions@*
519 silly packumentCache full:https://registry.npmjs.org/@types%2fwebidl-conversions cache-miss
520 silly fetch manifest tr46@^5.1.0
521 silly packumentCache full:https://registry.npmjs.org/tr46 cache-miss
522 silly fetch manifest webidl-conversions@^7.0.0
523 silly packumentCache full:https://registry.npmjs.org/webidl-conversions cache-miss
524 http fetch GET 200 https://registry.npmjs.org/tr46 99ms (cache miss)
525 silly packumentCache full:https://registry.npmjs.org/tr46 set size:undefined disposed:false
526 http fetch GET 200 https://registry.npmjs.org/@types%2fwebidl-conversions 147ms (cache miss)
527 silly packumentCache full:https://registry.npmjs.org/@types%2fwebidl-conversions set size:undefined disposed:false
528 http fetch GET 200 https://registry.npmjs.org/webidl-conversions 148ms (cache miss)
529 silly packumentCache full:https://registry.npmjs.org/webidl-conversions set size:undefined disposed:false
530 silly placeDep ROOT @types/webidl-conversions@7.0.3 OK for: @types/whatwg-url@11.0.5 want: *
531 silly placeDep node_modules/mquery debug@4.4.3 OK for: mquery@5.0.0 want: 4.x
532 silly fetch manifest ms@^2.1.3
533 silly packumentCache full:https://registry.npmjs.org/ms cache-hit
534 silly placeDep ROOT ee-first@1.1.1 OK for: on-finished@2.4.1 want: 1.1.1
535 silly placeDep ROOT forwarded@0.2.0 OK for: proxy-addr@2.0.8 want: 0.2.0
536 silly placeDep ROOT ipaddr.js@1.9.1 OK for: proxy-addr@2.0.8 want: 1.9.1
537 silly placeDep ROOT es-define-property@1.0.1 OK for: qs@6.16.0 want: ^1.0.1
538 silly placeDep ROOT side-channel@1.1.1 OK for: qs@6.16.0 want: ^1.1.1
539 silly fetch manifest es-errors@^1.3.0
540 silly packumentCache full:https://registry.npmjs.org/es-errors cache-miss
541 silly fetch manifest object-inspect@^1.13.4
542 silly packumentCache full:https://registry.npmjs.org/object-inspect cache-miss
543 silly fetch manifest side-channel-list@^1.0.1
544 silly packumentCache full:https://registry.npmjs.org/side-channel-list cache-miss
545 silly fetch manifest side-channel-map@^1.0.1
546 silly packumentCache full:https://registry.npmjs.org/side-channel-map cache-miss
547 silly fetch manifest side-channel-weakmap@^1.0.2
548 silly packumentCache full:https://registry.npmjs.org/side-channel-weakmap cache-miss
549 http fetch GET 200 https://registry.npmjs.org/es-errors 102ms (cache miss)
550 silly packumentCache full:https://registry.npmjs.org/es-errors set size:undefined disposed:false
551 http fetch GET 200 https://registry.npmjs.org/side-channel-weakmap 193ms (cache miss)
552 silly packumentCache full:https://registry.npmjs.org/side-channel-weakmap set size:undefined disposed:false
553 http fetch GET 200 https://registry.npmjs.org/side-channel-list 196ms (cache miss)
554 silly packumentCache full:https://registry.npmjs.org/side-channel-list set size:undefined disposed:false
555 http fetch GET 200 https://registry.npmjs.org/object-inspect 199ms (cache miss)
556 silly packumentCache full:https://registry.npmjs.org/object-inspect set size:undefined disposed:false
557 http fetch GET 200 https://registry.npmjs.org/side-channel-map 201ms (cache miss)
558 silly packumentCache full:https://registry.npmjs.org/side-channel-map set size:undefined disposed:false
559 silly placeDep ROOT mime@1.6.0 OK for: send@0.19.2 want: 1.6.0
560 silly placeDep node_modules/send ms@2.1.3 OK for: send@0.19.2 want: 2.1.3
561 silly placeDep ROOT es-errors@1.3.0 OK for: side-channel@1.1.1 want: ^1.3.0
562 silly placeDep ROOT object-inspect@1.13.4 OK for: side-channel@1.1.1 want: ^1.13.4
563 silly placeDep ROOT side-channel-list@1.0.1 OK for: side-channel@1.1.1 want: ^1.0.1
564 silly placeDep ROOT side-channel-map@1.0.1 OK for: side-channel@1.1.1 want: ^1.0.1
565 silly placeDep ROOT side-channel-weakmap@1.0.2 OK for: side-channel@1.1.1 want: ^1.0.2
566 silly fetch manifest call-bound@^1.0.2
567 silly packumentCache full:https://registry.npmjs.org/call-bound cache-miss
568 silly fetch manifest get-intrinsic@^1.2.5
569 silly packumentCache full:https://registry.npmjs.org/get-intrinsic cache-miss
570 silly fetch manifest call-bound@^1.0.2
571 silly packumentCache full:https://registry.npmjs.org/call-bound cache-miss
572 silly fetch manifest get-intrinsic@^1.2.5
573 silly packumentCache full:https://registry.npmjs.org/get-intrinsic cache-miss
574 http fetch GET 200 https://registry.npmjs.org/call-bound 120ms (cache miss)
575 silly packumentCache full:https://registry.npmjs.org/call-bound set size:undefined disposed:false
576 http fetch GET 200 https://registry.npmjs.org/get-intrinsic 134ms (cache miss)
577 silly packumentCache full:https://registry.npmjs.org/get-intrinsic set size:undefined disposed:false
578 http fetch GET 200 https://registry.npmjs.org/call-bound 138ms (cache miss)
579 silly packumentCache full:https://registry.npmjs.org/call-bound set size:undefined disposed:false
580 http fetch GET 200 https://registry.npmjs.org/get-intrinsic 142ms (cache miss)
581 silly packumentCache full:https://registry.npmjs.org/get-intrinsic set size:undefined disposed:false
582 silly placeDep ROOT call-bound@1.0.4 OK for: side-channel-map@1.0.1 want: ^1.0.2
583 silly placeDep ROOT get-intrinsic@1.3.0 OK for: side-channel-map@1.0.1 want: ^1.2.5
584 silly fetch manifest call-bind-apply-helpers@^1.0.2
585 silly packumentCache full:https://registry.npmjs.org/call-bind-apply-helpers cache-miss
586 silly fetch manifest get-intrinsic@^1.3.0
587 silly packumentCache full:https://registry.npmjs.org/get-intrinsic cache-miss
588 silly fetch manifest gopd@^1.2.0
589 silly packumentCache full:https://registry.npmjs.org/gopd cache-miss
590 silly fetch manifest hasown@^2.0.2
591 silly packumentCache full:https://registry.npmjs.org/hasown cache-miss
592 silly fetch manifest get-proto@^1.0.1
593 silly packumentCache full:https://registry.npmjs.org/get-proto cache-miss
594 silly fetch manifest has-symbols@^1.1.0
595 silly packumentCache full:https://registry.npmjs.org/has-symbols cache-miss
596 silly fetch manifest function-bind@^1.1.2
597 silly packumentCache full:https://registry.npmjs.org/function-bind cache-miss
598 silly fetch manifest es-object-atoms@^1.1.1
599 silly packumentCache full:https://registry.npmjs.org/es-object-atoms cache-miss
600 silly fetch manifest math-intrinsics@^1.1.0
601 silly packumentCache full:https://registry.npmjs.org/math-intrinsics cache-miss
602 silly fetch manifest call-bind-apply-helpers@^1.0.2
603 silly packumentCache full:https://registry.npmjs.org/call-bind-apply-helpers cache-miss
604 http cache https://registry.npmjs.org/get-intrinsic 32ms (cache hit)
605 silly packumentCache full:https://registry.npmjs.org/get-intrinsic set size:60985 disposed:false
606 http fetch GET 200 https://registry.npmjs.org/get-proto 224ms (cache miss)
607 silly packumentCache full:https://registry.npmjs.org/get-proto set size:undefined disposed:false
608 http fetch GET 200 https://registry.npmjs.org/gopd 227ms (cache miss)
609 silly packumentCache full:https://registry.npmjs.org/gopd set size:undefined disposed:false
610 http fetch GET 200 https://registry.npmjs.org/function-bind 228ms (cache miss)
611 silly packumentCache full:https://registry.npmjs.org/function-bind set size:undefined disposed:false
612 http fetch GET 200 https://registry.npmjs.org/es-object-atoms 230ms (cache miss)
613 silly packumentCache full:https://registry.npmjs.org/es-object-atoms set size:undefined disposed:false
614 http fetch GET 200 https://registry.npmjs.org/call-bind-apply-helpers 231ms (cache miss)
615 silly packumentCache full:https://registry.npmjs.org/call-bind-apply-helpers set size:undefined disposed:false
616 http fetch GET 200 https://registry.npmjs.org/has-symbols 234ms (cache miss)
617 silly packumentCache full:https://registry.npmjs.org/has-symbols set size:undefined disposed:false
618 http fetch GET 200 https://registry.npmjs.org/math-intrinsics 233ms (cache miss)
619 silly packumentCache full:https://registry.npmjs.org/math-intrinsics set size:undefined disposed:false
620 http fetch GET 200 https://registry.npmjs.org/hasown 237ms (cache miss)
621 silly packumentCache full:https://registry.npmjs.org/hasown set size:undefined disposed:false
622 http fetch GET 200 https://registry.npmjs.org/call-bind-apply-helpers 240ms (cache miss)
623 silly packumentCache full:https://registry.npmjs.org/call-bind-apply-helpers set size:undefined disposed:false
624 silly placeDep ROOT call-bind-apply-helpers@1.0.2 OK for: call-bound@1.0.4 want: ^1.0.2
625 silly placeDep ROOT function-bind@1.1.2 OK for: call-bind-apply-helpers@1.0.2 want: ^1.1.2
626 silly placeDep ROOT es-object-atoms@1.1.2 OK for: get-intrinsic@1.3.0 want: ^1.1.1
627 silly placeDep ROOT get-proto@1.0.1 OK for: get-intrinsic@1.3.0 want: ^1.0.1
628 silly placeDep ROOT gopd@1.2.0 OK for: get-intrinsic@1.3.0 want: ^1.2.0
629 silly placeDep ROOT has-symbols@1.1.0 OK for: get-intrinsic@1.3.0 want: ^1.1.0
630 silly placeDep ROOT hasown@2.0.4 OK for: get-intrinsic@1.3.0 want: ^2.0.2
631 silly placeDep ROOT math-intrinsics@1.1.0 OK for: get-intrinsic@1.3.0 want: ^1.1.0
632 silly fetch manifest dunder-proto@^1.0.1
633 silly packumentCache full:https://registry.npmjs.org/dunder-proto cache-miss
634 http fetch GET 200 https://registry.npmjs.org/dunder-proto 100ms (cache miss)
635 silly packumentCache full:https://registry.npmjs.org/dunder-proto set size:undefined disposed:false
636 silly placeDep ROOT dunder-proto@1.0.1 OK for: get-proto@1.0.1 want: ^1.0.1
637 silly placeDep ROOT base64id@2.0.0 OK for: socket.io@4.8.3 want: ~2.0.0
638 silly placeDep node_modules/socket.io debug@4.4.3 OK for: socket.io@4.8.3 want: ~4.4.1
639 silly placeDep ROOT engine.io@6.6.10 OK for: socket.io@4.8.3 want: ~6.6.0
640 silly placeDep ROOT socket.io-adapter@2.5.8 OK for: socket.io@4.8.3 want: ~2.5.2
641 silly placeDep ROOT socket.io-parser@4.2.7 OK for: socket.io@4.8.3 want: ~4.2.4
642 silly fetch manifest ws@~8.21.0
643 silly packumentCache full:https://registry.npmjs.org/ws cache-miss
644 silly fetch manifest @types/ws@^8.5.12
645 silly packumentCache full:https://registry.npmjs.org/@types%2fws cache-miss
646 silly fetch manifest @types/cors@^2.8.12
647 silly packumentCache full:https://registry.npmjs.org/@types%2fcors cache-miss
648 silly fetch manifest @types/node@>=10.0.0
649 silly packumentCache full:https://registry.npmjs.org/@types%2fnode cache-miss
650 silly fetch manifest engine.io-parser@~5.2.1
651 silly packumentCache full:https://registry.npmjs.org/engine.io-parser cache-miss
652 silly fetch manifest ws@~8.21.0
653 silly packumentCache full:https://registry.npmjs.org/ws cache-miss
654 silly fetch manifest @socket.io/component-emitter@~3.1.0
655 silly packumentCache full:https://registry.npmjs.org/@socket.io%2fcomponent-emitter cache-miss
656 http fetch GET 200 https://registry.npmjs.org/@socket.io%2fcomponent-emitter 188ms (cache miss)
657 silly packumentCache full:https://registry.npmjs.org/@socket.io%2fcomponent-emitter set size:undefined disposed:false
658 http fetch GET 200 https://registry.npmjs.org/@types%2fcors 201ms (cache miss)
659 silly packumentCache full:https://registry.npmjs.org/@types%2fcors set size:undefined disposed:false
660 http fetch GET 200 https://registry.npmjs.org/engine.io-parser 204ms (cache miss)
661 silly packumentCache full:https://registry.npmjs.org/engine.io-parser set size:undefined disposed:false
662 http fetch GET 200 https://registry.npmjs.org/@types%2fws 220ms (cache miss)
663 silly packumentCache full:https://registry.npmjs.org/@types%2fws set size:undefined disposed:false
664 http fetch GET 200 https://registry.npmjs.org/ws 234ms (cache miss)
665 silly packumentCache full:https://registry.npmjs.org/ws set size:undefined disposed:false
666 http fetch GET 200 https://registry.npmjs.org/ws 255ms (cache miss)
667 silly packumentCache full:https://registry.npmjs.org/ws set size:undefined disposed:false
668 http fetch GET 200 https://registry.npmjs.org/@types%2fnode 479ms (cache miss)
669 silly packumentCache full:https://registry.npmjs.org/@types%2fnode set size:undefined disposed:false
670 silly fetch manifest bufferutil@^4.0.1
671 silly packumentCache full:https://registry.npmjs.org/bufferutil cache-miss
672 http fetch GET 200 https://registry.npmjs.org/bufferutil 106ms (cache miss)
673 silly packumentCache full:https://registry.npmjs.org/bufferutil set size:undefined disposed:false
674 silly fetch manifest utf-8-validate@>=5.0.2
675 silly packumentCache full:https://registry.npmjs.org/utf-8-validate cache-miss
676 http fetch GET 200 https://registry.npmjs.org/utf-8-validate 101ms (cache miss)
677 silly packumentCache full:https://registry.npmjs.org/utf-8-validate set size:undefined disposed:false
678 silly placeDep ROOT @types/cors@2.8.19 OK for: engine.io@6.6.10 want: ^2.8.12
679 silly placeDep ROOT @types/node@26.6.2 OK for: engine.io@6.6.10 want: >=10.0.0
680 silly placeDep ROOT @types/ws@8.18.1 OK for: engine.io@6.6.10 want: ^8.5.12
681 silly placeDep node_modules/engine.io debug@4.4.3 OK for: engine.io@6.6.10 want: ~4.4.1
682 silly placeDep ROOT engine.io-parser@5.2.3 OK for: engine.io@6.6.10 want: ~5.2.1
683 silly placeDep ROOT ws@8.21.3 OK for: engine.io@6.6.10 want: ~8.21.0
684 silly fetch manifest @types/node@*
685 silly packumentCache full:https://registry.npmjs.org/@types%2fnode cache-miss
686 silly fetch manifest undici-types@~8.9.0
687 silly packumentCache full:https://registry.npmjs.org/undici-types cache-miss
688 http cache https://registry.npmjs.org/@types%2fnode 69ms (cache hit)
689 silly packumentCache full:https://registry.npmjs.org/@types%2fnode set size:11150508 disposed:false
690 http fetch GET 200 https://registry.npmjs.org/undici-types 244ms (cache miss)
691 silly packumentCache full:https://registry.npmjs.org/undici-types set size:undefined disposed:false
692 silly placeDep ROOT undici-types@8.9.0 OK for: @types/node@26.6.2 want: ~8.9.0
693 silly placeDep node_modules/socket.io-adapter debug@4.4.3 OK for: socket.io-adapter@2.5.8 want: ~4.4.1
694 silly placeDep ROOT @socket.io/component-emitter@3.1.2 OK for: socket.io-parser@4.2.7 want: ~3.1.0
695 silly placeDep node_modules/socket.io-parser debug@4.4.3 OK for: socket.io-parser@4.2.7 want: ~4.4.1
696 silly placeDep ROOT memory-pager@1.5.0 OK for: sparse-bitfield@3.0.3 want: ^1.0.2
697 silly placeDep ROOT media-typer@0.3.0 OK for: type-is@1.6.18 want: 0.3.0
698 silly placeDep ROOT tr46@5.1.1 OK for: whatwg-url@14.2.0 want: ^5.1.0
699 silly placeDep ROOT webidl-conversions@7.0.0 OK for: whatwg-url@14.2.0 want: ^7.0.0
700 silly fetch manifest punycode@^2.3.1
701 silly packumentCache full:https://registry.npmjs.org/punycode cache-miss
702 http fetch GET 200 https://registry.npmjs.org/punycode 139ms (cache miss)
703 silly packumentCache full:https://registry.npmjs.org/punycode set size:undefined disposed:false
704 silly placeDep ROOT punycode@2.3.1 OK for: tr46@5.1.1 want: ^2.3.1
705 silly placeDep node_modules/engine.io ms@2.1.3 OK for: debug@4.4.3 want: ^2.1.3
706 silly placeDep node_modules/mquery ms@2.1.3 OK for: debug@4.4.3 want: ^2.1.3
707 silly placeDep node_modules/socket.io-adapter ms@2.1.3 OK for: debug@4.4.3 want: ^2.1.3
708 silly placeDep node_modules/socket.io-parser ms@2.1.3 OK for: debug@4.4.3 want: ^2.1.3
709 silly placeDep node_modules/socket.io ms@2.1.3 OK for: debug@4.4.3 want: ^2.1.3
710 silly reify moves {}
711 silly audit bulk request {
711 silly audit   bcryptjs: [ '2.4.3' ],
711 silly audit   cors: [ '2.8.6' ],
711 silly audit   dotenv: [ '16.6.1' ],
711 silly audit   express: [ '4.22.3' ],
711 silly audit   jsonwebtoken: [ '9.0.3' ],
711 silly audit   mongoose: [ '8.24.4' ],
711 silly audit   'socket.io': [ '4.8.3' ],
711 silly audit   'object-assign': [ '4.1.1' ],
711 silly audit   vary: [ '1.1.2' ],
711 silly audit   accepts: [ '1.3.8' ],
711 silly audit   'array-flatten': [ '1.1.1' ],
711 silly audit   'body-parser': [ '1.20.8' ],
711 silly audit   'content-disposition': [ '0.5.4' ],
711 silly audit   'content-type': [ '1.0.5' ],
711 silly audit   cookie: [ '0.7.2' ],
711 silly audit   'cookie-signature': [ '1.0.7' ],
711 silly audit   debug: [ '2.6.9', '4.4.3' ],
711 silly audit   depd: [ '2.0.0' ],
711 silly audit   encodeurl: [ '2.0.0' ],
711 silly audit   'escape-html': [ '1.0.3' ],
711 silly audit   etag: [ '1.8.1' ],
711 silly audit   finalhandler: [ '1.3.2' ],
711 silly audit   fresh: [ '0.5.2' ],
711 silly audit   'http-errors': [ '2.0.1' ],
711 silly audit   'merge-descriptors': [ '1.0.3' ],
711 silly audit   methods: [ '1.1.2' ],
711 silly audit   'on-finished': [ '2.4.1' ],
711 silly audit   parseurl: [ '1.3.3' ],
711 silly audit   'path-to-regexp': [ '0.1.13' ],
711 silly audit   'proxy-addr': [ '2.0.8' ],
711 silly audit   qs: [ '6.16.0' ],
711 silly audit   'range-parser': [ '1.2.1' ],
711 silly audit   'safe-buffer': [ '5.2.1' ],
711 silly audit   send: [ '0.19.2' ],
711 silly audit   'serve-static': [ '1.16.3' ],
711 silly audit   setprototypeof: [ '1.2.0' ],
711 silly audit   statuses: [ '2.0.2' ],
711 silly audit   'type-is': [ '1.6.18' ],
711 silly audit   'utils-merge': [ '1.0.1' ],
711 silly audit   'mime-types': [ '2.1.35' ],
711 silly audit   negotiator: [ '0.6.3' ],
711 silly audit   bytes: [ '3.1.2' ],
711 silly audit   destroy: [ '1.2.0' ],
711 silly audit   'iconv-lite': [ '0.4.24' ],
711 silly audit   'raw-body': [ '2.5.3' ],
711 silly audit   unpipe: [ '1.0.0' ],
711 silly audit   ms: [ '2.0.0', '2.1.3' ],
711 silly audit   inherits: [ '2.0.4' ],
711 silly audit   toidentifier: [ '1.0.1' ],
711 silly audit   'safer-buffer': [ '2.1.2' ],
711 silly audit   jws: [ '4.0.1' ],
711 silly audit   'lodash.includes': [ '4.3.0' ],
711 silly audit   'lodash.isboolean': [ '3.0.3' ],
711 silly audit   'lodash.isinteger': [ '4.0.4' ],
711 silly audit   'lodash.isnumber': [ '3.0.3' ],
711 silly audit   'lodash.isplainobject': [ '4.0.6' ],
711 silly audit   'lodash.isstring': [ '4.0.1' ],
711 silly audit   'lodash.once': [ '4.1.1' ],
711 silly audit   semver: [ '7.8.5' ],
711 silly audit   jwa: [ '2.0.1' ],
711 silly audit   'buffer-equal-constant-time': [ '1.0.1' ],
711 silly audit   'ecdsa-sig-formatter': [ '1.0.11' ],
711 silly audit   'mime-db': [ '1.52.0' ],
711 silly audit   bson: [ '6.10.4' ],
711 silly audit   kareem: [ '2.6.3' ],
711 silly audit   mongodb: [ '6.20.0' ],
711 silly audit   mpath: [ '0.9.0' ],
711 silly audit   mquery: [ '5.0.0' ],
711 silly audit   sift: [ '17.1.3' ],
711 silly audit   '@mongodb-js/saslprep': [ '1.5.4' ],
711 silly audit   'mongodb-connection-string-url': [ '3.0.2' ],
711 silly audit   'sparse-bitfield': [ '3.0.3' ],
711 silly audit   '@types/whatwg-url': [ '11.0.5' ],
711 silly audit   'whatwg-url': [ '14.2.0' ],
711 silly audit   '@types/webidl-conversions': [ '7.0.3' ],
711 silly audit   'ee-first': [ '1.1.1' ],
711 silly audit   forwarded: [ '0.2.0' ],
711 silly audit   'ipaddr.js': [ '1.9.1' ],
711 silly audit   'es-define-property': [ '1.0.1' ],
711 silly audit   'side-channel': [ '1.1.1' ],
711 silly audit   mime: [ '1.6.0' ],
711 silly audit   'es-errors': [ '1.3.0' ],
711 silly audit   'object-inspect': [ '1.13.4' ],
711 silly audit   'side-channel-list': [ '1.0.1' ],
711 silly audit   'side-channel-map': [ '1.0.1' ],
711 silly audit   'side-channel-weakmap': [ '1.0.2' ],
711 silly audit   'call-bound': [ '1.0.4' ],
711 silly audit   'get-intrinsic': [ '1.3.0' ],
711 silly audit   'call-bind-apply-helpers': [ '1.0.2' ],
711 silly audit   'function-bind': [ '1.1.2' ],
711 silly audit   'es-object-atoms': [ '1.1.2' ],
711 silly audit   'get-proto': [ '1.0.1' ],
711 silly audit   gopd: [ '1.2.0' ],
711 silly audit   'has-symbols': [ '1.1.0' ],
711 silly audit   hasown: [ '2.0.4' ],
711 silly audit   'math-intrinsics': [ '1.1.0' ],
711 silly audit   'dunder-proto': [ '1.0.1' ],
711 silly audit   base64id: [ '2.0.0' ],
711 silly audit   'engine.io': [ '6.6.10' ],
711 silly audit   'socket.io-adapter': [ '2.5.8' ],
711 silly audit   'socket.io-parser': [ '4.2.7' ],
711 silly audit   '@types/cors': [ '2.8.19' ],
711 silly audit   '@types/node': [ '26.6.2' ],
711 silly audit   '@types/ws': [ '8.18.1' ],
711 silly audit   'engine.io-parser': [ '5.2.3' ],
711 silly audit   ws: [ '8.21.3' ],
711 silly audit   'undici-types': [ '8.9.0' ],
711 silly audit   '@socket.io/component-emitter': [ '3.1.2' ],
711 silly audit   'memory-pager': [ '1.5.0' ],
711 silly audit   'media-typer': [ '0.3.0' ],
711 silly audit   tr46: [ '5.1.1' ],
711 silly audit   'webidl-conversions': [ '7.0.0' ],
711 silly audit   punycode: [ '2.3.1' ]
711 silly audit }
712 http cache @socket.io/component-emitter@https://registry.npmjs.org/@socket.io/component-emitter/-/component-emitter-3.1.2.tgz 0ms (cache hit)
713 http cache punycode@https://registry.npmjs.org/punycode/-/punycode-2.3.1.tgz 0ms (cache hit)
714 http cache webidl-conversions@https://registry.npmjs.org/webidl-conversions/-/webidl-conversions-7.0.0.tgz 0ms (cache hit)
715 http cache tr46@https://registry.npmjs.org/tr46/-/tr46-5.1.1.tgz 0ms (cache hit)
716 http cache media-typer@https://registry.npmjs.org/media-typer/-/media-typer-0.3.0.tgz 0ms (cache hit)
717 http cache memory-pager@https://registry.npmjs.org/memory-pager/-/memory-pager-1.5.0.tgz 0ms (cache hit)
718 http cache engine.io-parser@https://registry.npmjs.org/engine.io-parser/-/engine.io-parser-5.2.3.tgz 0ms (cache hit)
719 http cache undici-types@https://registry.npmjs.org/undici-types/-/undici-types-8.9.0.tgz 0ms (cache hit)
720 http cache ws@https://registry.npmjs.org/ws/-/ws-8.21.3.tgz 0ms (cache hit)
721 http cache @types/ws@https://registry.npmjs.org/@types/ws/-/ws-8.18.1.tgz 0ms (cache hit)
722 http cache socket.io-parser@https://registry.npmjs.org/socket.io-parser/-/socket.io-parser-4.2.7.tgz 0ms (cache hit)
723 http cache @types/node@https://registry.npmjs.org/@types/node/-/node-26.6.2.tgz 0ms (cache hit)
724 http cache @types/cors@https://registry.npmjs.org/@types/cors/-/cors-2.8.19.tgz 0ms (cache hit)
725 http cache socket.io-adapter@https://registry.npmjs.org/socket.io-adapter/-/socket.io-adapter-2.5.8.tgz 0ms (cache hit)
726 http cache dunder-proto@https://registry.npmjs.org/dunder-proto/-/dunder-proto-1.0.1.tgz 0ms (cache hit)
727 http cache engine.io@https://registry.npmjs.org/engine.io/-/engine.io-6.6.10.tgz 0ms (cache hit)
728 http cache math-intrinsics@https://registry.npmjs.org/math-intrinsics/-/math-intrinsics-1.1.0.tgz 0ms (cache hit)
729 http cache has-symbols@https://registry.npmjs.org/has-symbols/-/has-symbols-1.1.0.tgz 0ms (cache hit)
730 http cache gopd@https://registry.npmjs.org/gopd/-/gopd-1.2.0.tgz 0ms (cache hit)
731 http cache hasown@https://registry.npmjs.org/hasown/-/hasown-2.0.4.tgz 0ms (cache hit)
732 http cache es-object-atoms@https://registry.npmjs.org/es-object-atoms/-/es-object-atoms-1.1.2.tgz 0ms (cache hit)
733 http cache get-proto@https://registry.npmjs.org/get-proto/-/get-proto-1.0.1.tgz 0ms (cache hit)
734 http cache side-channel-weakmap@https://registry.npmjs.org/side-channel-weakmap/-/side-channel-weakmap-1.0.2.tgz 0ms (cache hit)
735 http cache function-bind@https://registry.npmjs.org/function-bind/-/function-bind-1.1.2.tgz 0ms (cache hit)
736 http cache get-intrinsic@https://registry.npmjs.org/get-intrinsic/-/get-intrinsic-1.3.0.tgz 0ms (cache hit)
737 http cache side-channel-map@https://registry.npmjs.org/side-channel-map/-/side-channel-map-1.0.1.tgz 0ms (cache hit)
738 http cache side-channel-list@https://registry.npmjs.org/side-channel-list/-/side-channel-list-1.0.1.tgz 0ms (cache hit)
739 http cache object-inspect@https://registry.npmjs.org/object-inspect/-/object-inspect-1.13.4.tgz 0ms (cache hit)
740 http cache call-bound@https://registry.npmjs.org/call-bound/-/call-bound-1.0.4.tgz 0ms (cache hit)
741 http cache mime@https://registry.npmjs.org/mime/-/mime-1.6.0.tgz 0ms (cache hit)
742 http cache base64id@https://registry.npmjs.org/base64id/-/base64id-2.0.0.tgz 0ms (cache hit)
743 http cache es-errors@https://registry.npmjs.org/es-errors/-/es-errors-1.3.0.tgz 0ms (cache hit)
744 http cache forwarded@https://registry.npmjs.org/forwarded/-/forwarded-0.2.0.tgz 0ms (cache hit)
745 http cache call-bind-apply-helpers@https://registry.npmjs.org/call-bind-apply-helpers/-/call-bind-apply-helpers-1.0.2.tgz 0ms (cache hit)
746 http cache @types/webidl-conversions@https://registry.npmjs.org/@types/webidl-conversions/-/webidl-conversions-7.0.3.tgz 0ms (cache hit)
747 http cache es-define-property@https://registry.npmjs.org/es-define-property/-/es-define-property-1.0.1.tgz 0ms (cache hit)
748 http cache ipaddr.js@https://registry.npmjs.org/ipaddr.js/-/ipaddr.js-1.9.1.tgz 0ms (cache hit)
749 http cache @types/whatwg-url@https://registry.npmjs.org/@types/whatwg-url/-/whatwg-url-11.0.5.tgz 0ms (cache hit)
750 http cache sparse-bitfield@https://registry.npmjs.org/sparse-bitfield/-/sparse-bitfield-3.0.3.tgz 0ms (cache hit)
751 http cache ee-first@https://registry.npmjs.org/ee-first/-/ee-first-1.1.1.tgz 0ms (cache hit)
752 http cache whatwg-url@https://registry.npmjs.org/whatwg-url/-/whatwg-url-14.2.0.tgz 0ms (cache hit)
753 http cache mquery@https://registry.npmjs.org/mquery/-/mquery-5.0.0.tgz 0ms (cache hit)
754 http cache @mongodb-js/saslprep@https://registry.npmjs.org/@mongodb-js/saslprep/-/saslprep-1.5.4.tgz 0ms (cache hit)
755 http cache mpath@https://registry.npmjs.org/mpath/-/mpath-0.9.0.tgz 0ms (cache hit)
756 http cache mongodb-connection-string-url@https://registry.npmjs.org/mongodb-connection-string-url/-/mongodb-connection-string-url-3.0.2.tgz 0ms (cache hit)
757 http cache bson@https://registry.npmjs.org/bson/-/bson-6.10.4.tgz 0ms (cache hit)
758 http cache kareem@https://registry.npmjs.org/kareem/-/kareem-2.6.3.tgz 0ms (cache hit)
759 http cache mongodb@https://registry.npmjs.org/mongodb/-/mongodb-6.20.0.tgz 0ms (cache hit)
760 http cache sift@https://registry.npmjs.org/sift/-/sift-17.1.3.tgz 0ms (cache hit)
761 http cache side-channel@https://registry.npmjs.org/side-channel/-/side-channel-1.1.1.tgz 0ms (cache hit)
762 http cache ecdsa-sig-formatter@https://registry.npmjs.org/ecdsa-sig-formatter/-/ecdsa-sig-formatter-1.0.11.tgz 0ms (cache hit)
763 http cache mime-db@https://registry.npmjs.org/mime-db/-/mime-db-1.52.0.tgz 0ms (cache hit)
764 http cache buffer-equal-constant-time@https://registry.npmjs.org/buffer-equal-constant-time/-/buffer-equal-constant-time-1.0.1.tgz 0ms (cache hit)
765 http cache lodash.once@https://registry.npmjs.org/lodash.once/-/lodash.once-4.1.1.tgz 0ms (cache hit)
766 http cache semver@https://registry.npmjs.org/semver/-/semver-7.8.5.tgz 0ms (cache hit)
767 http cache jwa@https://registry.npmjs.org/jwa/-/jwa-2.0.1.tgz 0ms (cache hit)
768 http cache lodash.isnumber@https://registry.npmjs.org/lodash.isnumber/-/lodash.isnumber-3.0.3.tgz 0ms (cache hit)
769 http cache lodash.isplainobject@https://registry.npmjs.org/lodash.isplainobject/-/lodash.isplainobject-4.0.6.tgz 0ms (cache hit)
770 http cache lodash.isstring@https://registry.npmjs.org/lodash.isstring/-/lodash.isstring-4.0.1.tgz 0ms (cache hit)
771 http cache lodash.isinteger@https://registry.npmjs.org/lodash.isinteger/-/lodash.isinteger-4.0.4.tgz 0ms (cache hit)
772 http cache lodash.includes@https://registry.npmjs.org/lodash.includes/-/lodash.includes-4.3.0.tgz 0ms (cache hit)
773 http cache lodash.isboolean@https://registry.npmjs.org/lodash.isboolean/-/lodash.isboolean-3.0.3.tgz 0ms (cache hit)
774 http cache jws@https://registry.npmjs.org/jws/-/jws-4.0.1.tgz 0ms (cache hit)
775 http cache ms@https://registry.npmjs.org/ms/-/ms-2.0.0.tgz 0ms (cache hit)
776 http cache inherits@https://registry.npmjs.org/inherits/-/inherits-2.0.4.tgz 0ms (cache hit)
777 http cache toidentifier@https://registry.npmjs.org/toidentifier/-/toidentifier-1.0.1.tgz 0ms (cache hit)
778 http cache safer-buffer@https://registry.npmjs.org/safer-buffer/-/safer-buffer-2.1.2.tgz 0ms (cache hit)
779 http cache unpipe@https://registry.npmjs.org/unpipe/-/unpipe-1.0.0.tgz 0ms (cache hit)
780 http cache raw-body@https://registry.npmjs.org/raw-body/-/raw-body-2.5.3.tgz 0ms (cache hit)
781 http cache bytes@https://registry.npmjs.org/bytes/-/bytes-3.1.2.tgz 0ms (cache hit)
782 http cache destroy@https://registry.npmjs.org/destroy/-/destroy-1.2.0.tgz 0ms (cache hit)
783 http cache iconv-lite@https://registry.npmjs.org/iconv-lite/-/iconv-lite-0.4.24.tgz 0ms (cache hit)
784 http cache mime-types@https://registry.npmjs.org/mime-types/-/mime-types-2.1.35.tgz 0ms (cache hit)
785 http cache negotiator@https://registry.npmjs.org/negotiator/-/negotiator-0.6.3.tgz 0ms (cache hit)
786 http cache statuses@https://registry.npmjs.org/statuses/-/statuses-2.0.2.tgz 0ms (cache hit)
787 http cache utils-merge@https://registry.npmjs.org/utils-merge/-/utils-merge-1.0.1.tgz 0ms (cache hit)
788 http cache type-is@https://registry.npmjs.org/type-is/-/type-is-1.6.18.tgz 0ms (cache hit)
789 http cache setprototypeof@https://registry.npmjs.org/setprototypeof/-/setprototypeof-1.2.0.tgz 0ms (cache hit)
790 http cache range-parser@https://registry.npmjs.org/range-parser/-/range-parser-1.2.1.tgz 0ms (cache hit)
791 http cache serve-static@https://registry.npmjs.org/serve-static/-/serve-static-1.16.3.tgz 0ms (cache hit)
792 http cache send@https://registry.npmjs.org/send/-/send-0.19.2.tgz 0ms (cache hit)
793 http cache safe-buffer@https://registry.npmjs.org/safe-buffer/-/safe-buffer-5.2.1.tgz 0ms (cache hit)
794 http cache proxy-addr@https://registry.npmjs.org/proxy-addr/-/proxy-addr-2.0.8.tgz 0ms (cache hit)
795 http cache qs@https://registry.npmjs.org/qs/-/qs-6.16.0.tgz 0ms (cache hit)
796 http cache path-to-regexp@https://registry.npmjs.org/path-to-regexp/-/path-to-regexp-0.1.13.tgz 0ms (cache hit)
797 http cache parseurl@https://registry.npmjs.org/parseurl/-/parseurl-1.3.3.tgz 0ms (cache hit)
798 http cache on-finished@https://registry.npmjs.org/on-finished/-/on-finished-2.4.1.tgz 0ms (cache hit)
799 http cache http-errors@https://registry.npmjs.org/http-errors/-/http-errors-2.0.1.tgz 0ms (cache hit)
800 http cache methods@https://registry.npmjs.org/methods/-/methods-1.1.2.tgz 0ms (cache hit)
801 http cache fresh@https://registry.npmjs.org/fresh/-/fresh-0.5.2.tgz 0ms (cache hit)
802 http cache merge-descriptors@https://registry.npmjs.org/merge-descriptors/-/merge-descriptors-1.0.3.tgz 0ms (cache hit)
803 http cache escape-html@https://registry.npmjs.org/escape-html/-/escape-html-1.0.3.tgz 0ms (cache hit)
804 http cache finalhandler@https://registry.npmjs.org/finalhandler/-/finalhandler-1.3.2.tgz 0ms (cache hit)
805 http cache etag@https://registry.npmjs.org/etag/-/etag-1.8.1.tgz 0ms (cache hit)
806 http cache debug@https://registry.npmjs.org/debug/-/debug-2.6.9.tgz 0ms (cache hit)
807 http cache encodeurl@https://registry.npmjs.org/encodeurl/-/encodeurl-2.0.0.tgz 0ms (cache hit)
808 http cache depd@https://registry.npmjs.org/depd/-/depd-2.0.0.tgz 0ms (cache hit)
809 http cache cookie-signature@https://registry.npmjs.org/cookie-signature/-/cookie-signature-1.0.7.tgz 0ms (cache hit)
810 http cache cookie@https://registry.npmjs.org/cookie/-/cookie-0.7.2.tgz 0ms (cache hit)
811 http cache content-type@https://registry.npmjs.org/content-type/-/content-type-1.0.5.tgz 1ms (cache hit)
812 http cache body-parser@https://registry.npmjs.org/body-parser/-/body-parser-1.20.8.tgz 0ms (cache hit)
813 http cache array-flatten@https://registry.npmjs.org/array-flatten/-/array-flatten-1.1.1.tgz 0ms (cache hit)
814 http cache accepts@https://registry.npmjs.org/accepts/-/accepts-1.3.8.tgz 0ms (cache hit)
815 http cache vary@https://registry.npmjs.org/vary/-/vary-1.1.2.tgz 0ms (cache hit)
816 http cache socket.io@https://registry.npmjs.org/socket.io/-/socket.io-4.8.3.tgz 0ms (cache hit)
817 http cache mongoose@https://registry.npmjs.org/mongoose/-/mongoose-8.24.4.tgz 0ms (cache hit)
818 http cache jsonwebtoken@https://registry.npmjs.org/jsonwebtoken/-/jsonwebtoken-9.0.3.tgz 0ms (cache hit)
819 http cache express@https://registry.npmjs.org/express/-/express-4.22.3.tgz 0ms (cache hit)
820 http cache dotenv@https://registry.npmjs.org/dotenv/-/dotenv-16.6.1.tgz 0ms (cache hit)
821 http cache cors@https://registry.npmjs.org/cors/-/cors-2.8.6.tgz 0ms (cache hit)
822 http cache content-disposition@https://registry.npmjs.org/content-disposition/-/content-disposition-0.5.4.tgz 0ms (cache hit)
823 http cache bcryptjs@https://registry.npmjs.org/bcryptjs/-/bcryptjs-2.4.3.tgz 0ms (cache hit)
824 http cache object-assign@https://registry.npmjs.org/object-assign/-/object-assign-4.1.1.tgz 0ms (cache hit)
825 http cache debug@https://registry.npmjs.org/debug/-/debug-4.4.3.tgz 0ms (cache hit)
826 http cache ms@https://registry.npmjs.org/ms/-/ms-2.1.3.tgz 0ms (cache hit)
827 http cache ms@https://registry.npmjs.org/ms/-/ms-2.1.3.tgz 0ms (cache hit)
828 http cache debug@https://registry.npmjs.org/debug/-/debug-4.4.3.tgz 0ms (cache hit)
829 http cache debug@https://registry.npmjs.org/debug/-/debug-4.4.3.tgz 0ms (cache hit)
830 http cache ms@https://registry.npmjs.org/ms/-/ms-2.1.3.tgz 0ms (cache hit)
831 http cache debug@https://registry.npmjs.org/debug/-/debug-4.4.3.tgz 0ms (cache hit)
832 http cache ms@https://registry.npmjs.org/ms/-/ms-2.1.3.tgz 1ms (cache hit)
833 silly tarball no local data for @socket.io/component-emitter@https://registry.npmjs.org/@socket.io/component-emitter/-/component-emitter-3.1.2.tgz. Extracting by manifest.
834 silly tarball no local data for punycode@https://registry.npmjs.org/punycode/-/punycode-2.3.1.tgz. Extracting by manifest.
835 http cache ms@https://registry.npmjs.org/ms/-/ms-2.1.3.tgz 0ms (cache hit)
836 silly tarball no local data for webidl-conversions@https://registry.npmjs.org/webidl-conversions/-/webidl-conversions-7.0.0.tgz. Extracting by manifest.
837 silly tarball no local data for tr46@https://registry.npmjs.org/tr46/-/tr46-5.1.1.tgz. Extracting by manifest.
838 silly tarball no local data for media-typer@https://registry.npmjs.org/media-typer/-/media-typer-0.3.0.tgz. Extracting by manifest.
839 silly tarball no local data for memory-pager@https://registry.npmjs.org/memory-pager/-/memory-pager-1.5.0.tgz. Extracting by manifest.
840 silly tarball no local data for engine.io-parser@https://registry.npmjs.org/engine.io-parser/-/engine.io-parser-5.2.3.tgz. Extracting by manifest.
841 silly tarball no local data for undici-types@https://registry.npmjs.org/undici-types/-/undici-types-8.9.0.tgz. Extracting by manifest.
842 silly tarball no local data for ws@https://registry.npmjs.org/ws/-/ws-8.21.3.tgz. Extracting by manifest.
843 silly tarball no local data for @types/ws@https://registry.npmjs.org/@types/ws/-/ws-8.18.1.tgz. Extracting by manifest.
844 silly tarball no local data for socket.io-parser@https://registry.npmjs.org/socket.io-parser/-/socket.io-parser-4.2.7.tgz. Extracting by manifest.
845 http cache ms@https://registry.npmjs.org/ms/-/ms-2.1.3.tgz 0ms (cache hit)
846 silly tarball no local data for @types/node@https://registry.npmjs.org/@types/node/-/node-26.6.2.tgz. Extracting by manifest.
847 silly tarball no local data for @types/cors@https://registry.npmjs.org/@types/cors/-/cors-2.8.19.tgz. Extracting by manifest.
848 silly tarball no local data for socket.io-adapter@https://registry.npmjs.org/socket.io-adapter/-/socket.io-adapter-2.5.8.tgz. Extracting by manifest.
849 silly tarball no local data for dunder-proto@https://registry.npmjs.org/dunder-proto/-/dunder-proto-1.0.1.tgz. Extracting by manifest.
850 silly tarball no local data for engine.io@https://registry.npmjs.org/engine.io/-/engine.io-6.6.10.tgz. Extracting by manifest.
851 silly tarball no local data for math-intrinsics@https://registry.npmjs.org/math-intrinsics/-/math-intrinsics-1.1.0.tgz. Extracting by manifest.
852 silly tarball no local data for has-symbols@https://registry.npmjs.org/has-symbols/-/has-symbols-1.1.0.tgz. Extracting by manifest.
853 http cache ms@https://registry.npmjs.org/ms/-/ms-2.1.3.tgz 1ms (cache hit)
854 silly tarball no local data for gopd@https://registry.npmjs.org/gopd/-/gopd-1.2.0.tgz. Extracting by manifest.
855 silly tarball no local data for hasown@https://registry.npmjs.org/hasown/-/hasown-2.0.4.tgz. Extracting by manifest.
856 silly tarball no local data for es-object-atoms@https://registry.npmjs.org/es-object-atoms/-/es-object-atoms-1.1.2.tgz. Extracting by manifest.
857 silly tarball no local data for get-proto@https://registry.npmjs.org/get-proto/-/get-proto-1.0.1.tgz. Extracting by manifest.
858 silly tarball no local data for side-channel-weakmap@https://registry.npmjs.org/side-channel-weakmap/-/side-channel-weakmap-1.0.2.tgz. Extracting by manifest.
859 silly tarball no local data for function-bind@https://registry.npmjs.org/function-bind/-/function-bind-1.1.2.tgz. Extracting by manifest.
860 silly tarball no local data for get-intrinsic@https://registry.npmjs.org/get-intrinsic/-/get-intrinsic-1.3.0.tgz. Extracting by manifest.
861 silly tarball no local data for side-channel-map@https://registry.npmjs.org/side-channel-map/-/side-channel-map-1.0.1.tgz. Extracting by manifest.
862 silly tarball no local data for side-channel-list@https://registry.npmjs.org/side-channel-list/-/side-channel-list-1.0.1.tgz. Extracting by manifest.
863 silly tarball no local data for object-inspect@https://registry.npmjs.org/object-inspect/-/object-inspect-1.13.4.tgz. Extracting by manifest.
864 silly tarball no local data for call-bound@https://registry.npmjs.org/call-bound/-/call-bound-1.0.4.tgz. Extracting by manifest.
865 silly tarball no local data for mime@https://registry.npmjs.org/mime/-/mime-1.6.0.tgz. Extracting by manifest.
866 silly tarball no local data for base64id@https://registry.npmjs.org/base64id/-/base64id-2.0.0.tgz. Extracting by manifest.
867 silly tarball no local data for es-errors@https://registry.npmjs.org/es-errors/-/es-errors-1.3.0.tgz. Extracting by manifest.
868 silly tarball no local data for forwarded@https://registry.npmjs.org/forwarded/-/forwarded-0.2.0.tgz. Extracting by manifest.
869 silly tarball no local data for call-bind-apply-helpers@https://registry.npmjs.org/call-bind-apply-helpers/-/call-bind-apply-helpers-1.0.2.tgz. Extracting by manifest.
870 silly tarball no local data for @types/webidl-conversions@https://registry.npmjs.org/@types/webidl-conversions/-/webidl-conversions-7.0.3.tgz. Extracting by manifest.
871 silly tarball no local data for es-define-property@https://registry.npmjs.org/es-define-property/-/es-define-property-1.0.1.tgz. Extracting by manifest.
872 silly tarball no local data for ipaddr.js@https://registry.npmjs.org/ipaddr.js/-/ipaddr.js-1.9.1.tgz. Extracting by manifest.
873 silly tarball no local data for @types/whatwg-url@https://registry.npmjs.org/@types/whatwg-url/-/whatwg-url-11.0.5.tgz. Extracting by manifest.
874 silly tarball no local data for sparse-bitfield@https://registry.npmjs.org/sparse-bitfield/-/sparse-bitfield-3.0.3.tgz. Extracting by manifest.
875 silly tarball no local data for ee-first@https://registry.npmjs.org/ee-first/-/ee-first-1.1.1.tgz. Extracting by manifest.
876 silly tarball no local data for whatwg-url@https://registry.npmjs.org/whatwg-url/-/whatwg-url-14.2.0.tgz. Extracting by manifest.
877 silly tarball no local data for mquery@https://registry.npmjs.org/mquery/-/mquery-5.0.0.tgz. Extracting by manifest.
878 silly tarball no local data for @mongodb-js/saslprep@https://registry.npmjs.org/@mongodb-js/saslprep/-/saslprep-1.5.4.tgz. Extracting by manifest.
879 silly tarball no local data for mpath@https://registry.npmjs.org/mpath/-/mpath-0.9.0.tgz. Extracting by manifest.
880 silly tarball no local data for mongodb-connection-string-url@https://registry.npmjs.org/mongodb-connection-string-url/-/mongodb-connection-string-url-3.0.2.tgz. Extracting by manifest.
881 silly tarball no local data for bson@https://registry.npmjs.org/bson/-/bson-6.10.4.tgz. Extracting by manifest.
882 silly tarball no local data for kareem@https://registry.npmjs.org/kareem/-/kareem-2.6.3.tgz. Extracting by manifest.
883 silly tarball no local data for mongodb@https://registry.npmjs.org/mongodb/-/mongodb-6.20.0.tgz. Extracting by manifest.
884 silly tarball no local data for sift@https://registry.npmjs.org/sift/-/sift-17.1.3.tgz. Extracting by manifest.
885 silly tarball no local data for side-channel@https://registry.npmjs.org/side-channel/-/side-channel-1.1.1.tgz. Extracting by manifest.
886 silly tarball no local data for ecdsa-sig-formatter@https://registry.npmjs.org/ecdsa-sig-formatter/-/ecdsa-sig-formatter-1.0.11.tgz. Extracting by manifest.
887 silly tarball no local data for mime-db@https://registry.npmjs.org/mime-db/-/mime-db-1.52.0.tgz. Extracting by manifest.
888 silly tarball no local data for buffer-equal-constant-time@https://registry.npmjs.org/buffer-equal-constant-time/-/buffer-equal-constant-time-1.0.1.tgz. Extracting by manifest.
889 silly tarball no local data for lodash.once@https://registry.npmjs.org/lodash.once/-/lodash.once-4.1.1.tgz. Extracting by manifest.
890 silly tarball no local data for semver@https://registry.npmjs.org/semver/-/semver-7.8.5.tgz. Extracting by manifest.
891 silly tarball no local data for jwa@https://registry.npmjs.org/jwa/-/jwa-2.0.1.tgz. Extracting by manifest.
892 silly tarball no local data for lodash.isnumber@https://registry.npmjs.org/lodash.isnumber/-/lodash.isnumber-3.0.3.tgz. Extracting by manifest.
893 silly tarball no local data for lodash.isplainobject@https://registry.npmjs.org/lodash.isplainobject/-/lodash.isplainobject-4.0.6.tgz. Extracting by manifest.
894 silly tarball no local data for lodash.isstring@https://registry.npmjs.org/lodash.isstring/-/lodash.isstring-4.0.1.tgz. Extracting by manifest.
895 silly tarball no local data for lodash.isinteger@https://registry.npmjs.org/lodash.isinteger/-/lodash.isinteger-4.0.4.tgz. Extracting by manifest.
896 silly tarball no local data for lodash.includes@https://registry.npmjs.org/lodash.includes/-/lodash.includes-4.3.0.tgz. Extracting by manifest.
897 silly tarball no local data for lodash.isboolean@https://registry.npmjs.org/lodash.isboolean/-/lodash.isboolean-3.0.3.tgz. Extracting by manifest.
898 silly tarball no local data for jws@https://registry.npmjs.org/jws/-/jws-4.0.1.tgz. Extracting by manifest.
899 silly tarball no local data for ms@https://registry.npmjs.org/ms/-/ms-2.0.0.tgz. Extracting by manifest.
900 silly tarball no local data for inherits@https://registry.npmjs.org/inherits/-/inherits-2.0.4.tgz. Extracting by manifest.
901 silly tarball no local data for toidentifier@https://registry.npmjs.org/toidentifier/-/toidentifier-1.0.1.tgz. Extracting by manifest.
902 silly tarball no local data for safer-buffer@https://registry.npmjs.org/safer-buffer/-/safer-buffer-2.1.2.tgz. Extracting by manifest.
903 silly tarball no local data for unpipe@https://registry.npmjs.org/unpipe/-/unpipe-1.0.0.tgz. Extracting by manifest.
904 silly tarball no local data for raw-body@https://registry.npmjs.org/raw-body/-/raw-body-2.5.3.tgz. Extracting by manifest.
905 silly tarball no local data for bytes@https://registry.npmjs.org/bytes/-/bytes-3.1.2.tgz. Extracting by manifest.
906 silly tarball no local data for destroy@https://registry.npmjs.org/destroy/-/destroy-1.2.0.tgz. Extracting by manifest.
907 silly tarball no local data for iconv-lite@https://registry.npmjs.org/iconv-lite/-/iconv-lite-0.4.24.tgz. Extracting by manifest.
908 silly tarball no local data for mime-types@https://registry.npmjs.org/mime-types/-/mime-types-2.1.35.tgz. Extracting by manifest.
909 silly tarball no local data for negotiator@https://registry.npmjs.org/negotiator/-/negotiator-0.6.3.tgz. Extracting by manifest.
910 silly tarball no local data for statuses@https://registry.npmjs.org/statuses/-/statuses-2.0.2.tgz. Extracting by manifest.
911 silly tarball no local data for utils-merge@https://registry.npmjs.org/utils-merge/-/utils-merge-1.0.1.tgz. Extracting by manifest.
912 silly tarball no local data for type-is@https://registry.npmjs.org/type-is/-/type-is-1.6.18.tgz. Extracting by manifest.
913 silly tarball no local data for setprototypeof@https://registry.npmjs.org/setprototypeof/-/setprototypeof-1.2.0.tgz. Extracting by manifest.
914 silly tarball no local data for range-parser@https://registry.npmjs.org/range-parser/-/range-parser-1.2.1.tgz. Extracting by manifest.
915 silly tarball no local data for serve-static@https://registry.npmjs.org/serve-static/-/serve-static-1.16.3.tgz. Extracting by manifest.
916 silly tarball no local data for send@https://registry.npmjs.org/send/-/send-0.19.2.tgz. Extracting by manifest.
917 silly tarball no local data for safe-buffer@https://registry.npmjs.org/safe-buffer/-/safe-buffer-5.2.1.tgz. Extracting by manifest.
918 silly tarball no local data for proxy-addr@https://registry.npmjs.org/proxy-addr/-/proxy-addr-2.0.8.tgz. Extracting by manifest.
919 silly tarball no local data for qs@https://registry.npmjs.org/qs/-/qs-6.16.0.tgz. Extracting by manifest.
920 silly tarball no local data for path-to-regexp@https://registry.npmjs.org/path-to-regexp/-/path-to-regexp-0.1.13.tgz. Extracting by manifest.
921 silly tarball no local data for parseurl@https://registry.npmjs.org/parseurl/-/parseurl-1.3.3.tgz. Extracting by manifest.
922 silly tarball no local data for on-finished@https://registry.npmjs.org/on-finished/-/on-finished-2.4.1.tgz. Extracting by manifest.
923 silly tarball no local data for http-errors@https://registry.npmjs.org/http-errors/-/http-errors-2.0.1.tgz. Extracting by manifest.
924 silly tarball no local data for methods@https://registry.npmjs.org/methods/-/methods-1.1.2.tgz. Extracting by manifest.
925 silly tarball no local data for fresh@https://registry.npmjs.org/fresh/-/fresh-0.5.2.tgz. Extracting by manifest.
926 silly tarball no local data for merge-descriptors@https://registry.npmjs.org/merge-descriptors/-/merge-descriptors-1.0.3.tgz. Extracting by manifest.
927 silly tarball no local data for escape-html@https://registry.npmjs.org/escape-html/-/escape-html-1.0.3.tgz. Extracting by manifest.
928 silly tarball no local data for finalhandler@https://registry.npmjs.org/finalhandler/-/finalhandler-1.3.2.tgz. Extracting by manifest.
929 silly tarball no local data for etag@https://registry.npmjs.org/etag/-/etag-1.8.1.tgz. Extracting by manifest.
930 silly tarball no local data for debug@https://registry.npmjs.org/debug/-/debug-2.6.9.tgz. Extracting by manifest.
931 silly tarball no local data for encodeurl@https://registry.npmjs.org/encodeurl/-/encodeurl-2.0.0.tgz. Extracting by manifest.
932 silly tarball no local data for depd@https://registry.npmjs.org/depd/-/depd-2.0.0.tgz. Extracting by manifest.
933 silly tarball no local data for cookie-signature@https://registry.npmjs.org/cookie-signature/-/cookie-signature-1.0.7.tgz. Extracting by manifest.
934 silly tarball no local data for cookie@https://registry.npmjs.org/cookie/-/cookie-0.7.2.tgz. Extracting by manifest.
935 silly tarball no local data for content-type@https://registry.npmjs.org/content-type/-/content-type-1.0.5.tgz. Extracting by manifest.
936 silly tarball no local data for body-parser@https://registry.npmjs.org/body-parser/-/body-parser-1.20.8.tgz. Extracting by manifest.
937 silly tarball no local data for array-flatten@https://registry.npmjs.org/array-flatten/-/array-flatten-1.1.1.tgz. Extracting by manifest.
938 silly tarball no local data for accepts@https://registry.npmjs.org/accepts/-/accepts-1.3.8.tgz. Extracting by manifest.
939 silly tarball no local data for vary@https://registry.npmjs.org/vary/-/vary-1.1.2.tgz. Extracting by manifest.
940 silly tarball no local data for socket.io@https://registry.npmjs.org/socket.io/-/socket.io-4.8.3.tgz. Extracting by manifest.
941 silly tarball no local data for mongoose@https://registry.npmjs.org/mongoose/-/mongoose-8.24.4.tgz. Extracting by manifest.
942 silly tarball no local data for jsonwebtoken@https://registry.npmjs.org/jsonwebtoken/-/jsonwebtoken-9.0.3.tgz. Extracting by manifest.
943 silly tarball no local data for express@https://registry.npmjs.org/express/-/express-4.22.3.tgz. Extracting by manifest.
944 silly tarball no local data for dotenv@https://registry.npmjs.org/dotenv/-/dotenv-16.6.1.tgz. Extracting by manifest.
945 silly tarball no local data for cors@https://registry.npmjs.org/cors/-/cors-2.8.6.tgz. Extracting by manifest.
946 silly tarball no local data for content-disposition@https://registry.npmjs.org/content-disposition/-/content-disposition-0.5.4.tgz. Extracting by manifest.
947 silly tarball no local data for bcryptjs@https://registry.npmjs.org/bcryptjs/-/bcryptjs-2.4.3.tgz. Extracting by manifest.
948 silly tarball no local data for object-assign@https://registry.npmjs.org/object-assign/-/object-assign-4.1.1.tgz. Extracting by manifest.
949 silly tarball no local data for debug@https://registry.npmjs.org/debug/-/debug-4.4.3.tgz. Extracting by manifest.
950 silly tarball no local data for ms@https://registry.npmjs.org/ms/-/ms-2.1.3.tgz. Extracting by manifest.
951 silly tarball no local data for ms@https://registry.npmjs.org/ms/-/ms-2.1.3.tgz. Extracting by manifest.
952 silly tarball no local data for debug@https://registry.npmjs.org/debug/-/debug-4.4.3.tgz. Extracting by manifest.
953 silly tarball no local data for debug@https://registry.npmjs.org/debug/-/debug-4.4.3.tgz. Extracting by manifest.
954 silly tarball no local data for ms@https://registry.npmjs.org/ms/-/ms-2.1.3.tgz. Extracting by manifest.
955 silly tarball no local data for debug@https://registry.npmjs.org/debug/-/debug-4.4.3.tgz. Extracting by manifest.
956 silly tarball no local data for ms@https://registry.npmjs.org/ms/-/ms-2.1.3.tgz. Extracting by manifest.
957 http cache debug@https://registry.npmjs.org/debug/-/debug-4.4.3.tgz 0ms (cache hit)
958 http cache ms@https://registry.npmjs.org/ms/-/ms-2.1.3.tgz 0ms (cache hit)
959 silly tarball no local data for ms@https://registry.npmjs.org/ms/-/ms-2.1.3.tgz. Extracting by manifest.
960 silly tarball no local data for ms@https://registry.npmjs.org/ms/-/ms-2.1.3.tgz. Extracting by manifest.
961 silly tarball no local data for ms@https://registry.npmjs.org/ms/-/ms-2.1.3.tgz. Extracting by manifest.
962 silly tarball no local data for debug@https://registry.npmjs.org/debug/-/debug-4.4.3.tgz. Extracting by manifest.
963 silly tarball no local data for ms@https://registry.npmjs.org/ms/-/ms-2.1.3.tgz. Extracting by manifest.
964 http fetch POST 200 https://registry.npmjs.org/-/npm/v1/security/advisories/bulk 575ms
965 silly audit report {}
966 http fetch GET 200 https://registry.npmjs.org/punycode/-/punycode-2.3.1.tgz 766ms (cache miss)
967 http fetch GET 200 https://registry.npmjs.org/dunder-proto/-/dunder-proto-1.0.1.tgz 800ms (cache miss)
968 http fetch GET 200 https://registry.npmjs.org/memory-pager/-/memory-pager-1.5.0.tgz 845ms (cache miss)
969 http fetch GET 200 https://registry.npmjs.org/media-typer/-/media-typer-0.3.0.tgz 846ms (cache miss)
970 http fetch GET 200 https://registry.npmjs.org/webidl-conversions/-/webidl-conversions-7.0.0.tgz 849ms (cache miss)
971 http fetch GET 200 https://registry.npmjs.org/has-symbols/-/has-symbols-1.1.0.tgz 917ms (cache miss)
972 http fetch GET 200 https://registry.npmjs.org/hasown/-/hasown-2.0.4.tgz 916ms (cache miss)
973 http fetch GET 200 https://registry.npmjs.org/@types/ws/-/ws-8.18.1.tgz 926ms (cache miss)
974 http fetch GET 200 https://registry.npmjs.org/get-proto/-/get-proto-1.0.1.tgz 1059ms (cache miss)
975 http fetch GET 200 https://registry.npmjs.org/math-intrinsics/-/math-intrinsics-1.1.0.tgz 1064ms (cache miss)
976 http fetch GET 200 https://registry.npmjs.org/gopd/-/gopd-1.2.0.tgz 1064ms (cache miss)
977 http fetch GET 200 https://registry.npmjs.org/side-channel-weakmap/-/side-channel-weakmap-1.0.2.tgz 1098ms (cache miss)
978 http fetch GET 200 https://registry.npmjs.org/es-errors/-/es-errors-1.3.0.tgz 1134ms (cache miss)
979 http fetch GET 200 https://registry.npmjs.org/side-channel-list/-/side-channel-list-1.0.1.tgz 1142ms (cache miss)
980 http fetch GET 200 https://registry.npmjs.org/side-channel-map/-/side-channel-map-1.0.1.tgz 1278ms (cache miss)
981 http fetch GET 200 https://registry.npmjs.org/base64id/-/base64id-2.0.0.tgz 1386ms (cache miss)
982 http fetch GET 200 https://registry.npmjs.org/forwarded/-/forwarded-0.2.0.tgz 1386ms (cache miss)
983 http fetch GET 200 https://registry.npmjs.org/@types/whatwg-url/-/whatwg-url-11.0.5.tgz 1388ms (cache miss)
984 http fetch GET 200 https://registry.npmjs.org/call-bind-apply-helpers/-/call-bind-apply-helpers-1.0.2.tgz 1436ms (cache miss)
985 http fetch GET 200 https://registry.npmjs.org/@types/webidl-conversions/-/webidl-conversions-7.0.3.tgz 1477ms (cache miss)
986 http fetch GET 200 https://registry.npmjs.org/@types/cors/-/cors-2.8.19.tgz 1491ms (cache miss)
987 http fetch GET 200 https://registry.npmjs.org/es-define-property/-/es-define-property-1.0.1.tgz 1480ms (cache miss)
988 http fetch GET 200 https://registry.npmjs.org/ee-first/-/ee-first-1.1.1.tgz 1531ms (cache miss)
989 http fetch GET 200 https://registry.npmjs.org/sparse-bitfield/-/sparse-bitfield-3.0.3.tgz 1589ms (cache miss)
990 http fetch GET 200 https://registry.npmjs.org/side-channel/-/side-channel-1.1.1.tgz 1737ms (cache miss)
991 http fetch GET 200 https://registry.npmjs.org/buffer-equal-constant-time/-/buffer-equal-constant-time-1.0.1.tgz 1804ms (cache miss)
992 http fetch GET 200 https://registry.npmjs.org/ecdsa-sig-formatter/-/ecdsa-sig-formatter-1.0.11.tgz 1833ms (cache miss)
993 http fetch GET 200 https://registry.npmjs.org/lodash.once/-/lodash.once-4.1.1.tgz 1832ms (cache miss)
994 http fetch GET 200 https://registry.npmjs.org/lodash.isinteger/-/lodash.isinteger-4.0.4.tgz 1831ms (cache miss)
995 http fetch GET 200 https://registry.npmjs.org/lodash.isboolean/-/lodash.isboolean-3.0.3.tgz 1832ms (cache miss)
996 http fetch GET 200 https://registry.npmjs.org/@socket.io/component-emitter/-/component-emitter-3.1.2.tgz 1882ms (cache miss)
997 http fetch GET 200 https://registry.npmjs.org/lodash.isnumber/-/lodash.isnumber-3.0.3.tgz 1871ms (cache miss)
998 http fetch GET 200 https://registry.npmjs.org/lodash.isplainobject/-/lodash.isplainobject-4.0.6.tgz 1877ms (cache miss)
999 http fetch GET 200 https://registry.npmjs.org/lodash.includes/-/lodash.includes-4.3.0.tgz 1906ms (cache miss)
1000 http fetch GET 200 https://registry.npmjs.org/ms/-/ms-2.0.0.tgz 1906ms (cache miss)
1001 http fetch GET 200 https://registry.npmjs.org/raw-body/-/raw-body-2.5.3.tgz 1903ms (cache miss)
1002 http fetch GET 200 https://registry.npmjs.org/bytes/-/bytes-3.1.2.tgz 1904ms (cache miss)
1003 http fetch GET 200 https://registry.npmjs.org/toidentifier/-/toidentifier-1.0.1.tgz 1909ms (cache miss)
1004 http fetch GET 200 https://registry.npmjs.org/type-is/-/type-is-1.6.18.tgz 1935ms (cache miss)
1005 http fetch GET 200 https://registry.npmjs.org/destroy/-/destroy-1.2.0.tgz 1940ms (cache miss)
1006 http fetch GET 200 https://registry.npmjs.org/ipaddr.js/-/ipaddr.js-1.9.1.tgz 1983ms (cache miss)
1007 http fetch GET 200 https://registry.npmjs.org/lodash.isstring/-/lodash.isstring-4.0.1.tgz 1974ms (cache miss)
1008 http fetch GET 200 https://registry.npmjs.org/jws/-/jws-4.0.1.tgz 1973ms (cache miss)
1009 http fetch GET 200 https://registry.npmjs.org/inherits/-/inherits-2.0.4.tgz 1971ms (cache miss)
1010 http fetch GET 200 https://registry.npmjs.org/unpipe/-/unpipe-1.0.0.tgz 1973ms (cache miss)
1011 http fetch GET 200 https://registry.npmjs.org/range-parser/-/range-parser-1.2.1.tgz 1970ms (cache miss)
1012 http fetch GET 200 https://registry.npmjs.org/statuses/-/statuses-2.0.2.tgz 2000ms (cache miss)
1013 http fetch GET 200 https://registry.npmjs.org/negotiator/-/negotiator-0.6.3.tgz 2008ms (cache miss)
1014 http fetch GET 200 https://registry.npmjs.org/setprototypeof/-/setprototypeof-1.2.0.tgz 2021ms (cache miss)
1015 http fetch GET 200 https://registry.npmjs.org/mime-types/-/mime-types-2.1.35.tgz 2025ms (cache miss)
1016 http fetch GET 200 https://registry.npmjs.org/on-finished/-/on-finished-2.4.1.tgz 2021ms (cache miss)
1017 http fetch GET 200 https://registry.npmjs.org/utils-merge/-/utils-merge-1.0.1.tgz 2058ms (cache miss)
1018 http fetch GET 200 https://registry.npmjs.org/safe-buffer/-/safe-buffer-5.2.1.tgz 2055ms (cache miss)
1019 http fetch GET 200 https://registry.npmjs.org/parseurl/-/parseurl-1.3.3.tgz 2056ms (cache miss)
1020 http fetch GET 200 https://registry.npmjs.org/encodeurl/-/encodeurl-2.0.0.tgz 2052ms (cache miss)
1021 http fetch GET 200 https://registry.npmjs.org/depd/-/depd-2.0.0.tgz 2054ms (cache miss)
1022 http fetch GET 200 https://registry.npmjs.org/path-to-regexp/-/path-to-regexp-0.1.13.tgz 2063ms (cache miss)
1023 http fetch GET 200 https://registry.npmjs.org/cookie-signature/-/cookie-signature-1.0.7.tgz 2054ms (cache miss)
1024 http fetch GET 200 https://registry.npmjs.org/cookie/-/cookie-0.7.2.tgz 2056ms (cache miss)
1025 http fetch GET 200 https://registry.npmjs.org/http-errors/-/http-errors-2.0.1.tgz 2122ms (cache miss)
1026 http fetch GET 200 https://registry.npmjs.org/methods/-/methods-1.1.2.tgz 2146ms (cache miss)
1027 http fetch GET 200 https://registry.npmjs.org/tr46/-/tr46-5.1.1.tgz 2261ms (cache miss)
1028 http fetch GET 200 https://registry.npmjs.org/jwa/-/jwa-2.0.1.tgz 2233ms (cache miss)
1029 http fetch GET 200 https://registry.npmjs.org/fresh/-/fresh-0.5.2.tgz 2255ms (cache miss)
1030 http fetch GET 200 https://registry.npmjs.org/content-type/-/content-type-1.0.5.tgz 2272ms (cache miss)
1031 http fetch GET 200 https://registry.npmjs.org/get-intrinsic/-/get-intrinsic-1.3.0.tgz 2332ms (cache miss)
1032 http fetch GET 200 https://registry.npmjs.org/proxy-addr/-/proxy-addr-2.0.8.tgz 2319ms (cache miss)
1033 http fetch GET 200 https://registry.npmjs.org/merge-descriptors/-/merge-descriptors-1.0.3.tgz 2315ms (cache miss)
1034 http fetch GET 200 https://registry.npmjs.org/escape-html/-/escape-html-1.0.3.tgz 2315ms (cache miss)
1035 http fetch GET 200 https://registry.npmjs.org/etag/-/etag-1.8.1.tgz 2317ms (cache miss)
1036 http fetch GET 200 https://registry.npmjs.org/accepts/-/accepts-1.3.8.tgz 2310ms (cache miss)
1037 http fetch GET 200 https://registry.npmjs.org/cors/-/cors-2.8.6.tgz 2304ms (cache miss)
1038 http fetch GET 200 https://registry.npmjs.org/content-disposition/-/content-disposition-0.5.4.tgz 2303ms (cache miss)
1039 http fetch GET 200 https://registry.npmjs.org/debug/-/debug-4.4.3.tgz 2297ms (cache miss)
1040 http fetch GET 200 https://registry.npmjs.org/array-flatten/-/array-flatten-1.1.1.tgz 2400ms (cache miss)
1041 http fetch GET 200 https://registry.npmjs.org/vary/-/vary-1.1.2.tgz 2399ms (cache miss)
1042 http fetch GET 200 https://registry.npmjs.org/object-assign/-/object-assign-4.1.1.tgz 2389ms (cache miss)
1043 http fetch GET 200 https://registry.npmjs.org/ms/-/ms-2.1.3.tgz 2380ms (cache miss)
1044 http fetch GET 200 https://registry.npmjs.org/send/-/send-0.19.2.tgz 2466ms (cache miss)
1045 http fetch GET 200 https://registry.npmjs.org/debug/-/debug-4.4.3.tgz 2426ms (cache miss)
1046 http fetch GET 200 https://registry.npmjs.org/debug/-/debug-4.4.3.tgz 2216ms (cache miss)
1047 http fetch GET 200 https://registry.npmjs.org/debug/-/debug-4.4.3.tgz 2422ms (cache miss)
1048 http fetch GET 200 https://registry.npmjs.org/kareem/-/kareem-2.6.3.tgz 2502ms (cache miss)
1049 http fetch GET 200 https://registry.npmjs.org/safer-buffer/-/safer-buffer-2.1.2.tgz 2503ms (cache miss)
1050 http fetch GET 200 https://registry.npmjs.org/ms/-/ms-2.1.3.tgz 2463ms (cache miss)
1051 http fetch GET 200 https://registry.npmjs.org/ms/-/ms-2.1.3.tgz 2461ms (cache miss)
1052 http fetch GET 200 https://registry.npmjs.org/ms/-/ms-2.1.3.tgz 2258ms (cache miss)
1053 http fetch GET 200 https://registry.npmjs.org/ms/-/ms-2.1.3.tgz 2470ms (cache miss)
1054 http fetch GET 200 https://registry.npmjs.org/ms/-/ms-2.1.3.tgz 2460ms (cache miss)
1055 http fetch GET 200 https://registry.npmjs.org/ms/-/ms-2.1.3.tgz 2445ms (cache miss)
1056 http fetch GET 200 https://registry.npmjs.org/ms/-/ms-2.1.3.tgz 2422ms (cache miss)
1057 http fetch GET 200 https://registry.npmjs.org/mime/-/mime-1.6.0.tgz 2548ms (cache miss)
1058 http fetch GET 200 https://registry.npmjs.org/mime-db/-/mime-db-1.52.0.tgz 2543ms (cache miss)
1059 http fetch GET 200 https://registry.npmjs.org/call-bound/-/call-bound-1.0.4.tgz 2561ms (cache miss)
1060 http fetch GET 200 https://registry.npmjs.org/mongodb-connection-string-url/-/mongodb-connection-string-url-3.0.2.tgz 2582ms (cache miss)
1061 http fetch GET 200 https://registry.npmjs.org/finalhandler/-/finalhandler-1.3.2.tgz 2564ms (cache miss)
1062 http fetch GET 200 https://registry.npmjs.org/serve-static/-/serve-static-1.16.3.tgz 2595ms (cache miss)
1063 http fetch GET 200 https://registry.npmjs.org/function-bind/-/function-bind-1.1.2.tgz 2646ms (cache miss)
1064 http fetch GET 200 https://registry.npmjs.org/debug/-/debug-4.4.3.tgz 2652ms (cache miss)
1065 http fetch GET 200 https://registry.npmjs.org/socket.io-adapter/-/socket.io-adapter-2.5.8.tgz 2808ms (cache miss)
1066 http fetch GET 200 https://registry.npmjs.org/es-object-atoms/-/es-object-atoms-1.1.2.tgz 2864ms (cache miss)
1067 http fetch GET 200 https://registry.npmjs.org/mpath/-/mpath-0.9.0.tgz 2859ms (cache miss)
1068 http fetch GET 200 https://registry.npmjs.org/body-parser/-/body-parser-1.20.8.tgz 2843ms (cache miss)
1069 http fetch GET 200 https://registry.npmjs.org/mquery/-/mquery-5.0.0.tgz 2885ms (cache miss)
1070 http fetch GET 200 https://registry.npmjs.org/dotenv/-/dotenv-16.6.1.tgz 2843ms (cache miss)
1071 http fetch GET 200 https://registry.npmjs.org/ws/-/ws-8.21.3.tgz 2916ms (cache miss)
1072 http fetch GET 200 https://registry.npmjs.org/whatwg-url/-/whatwg-url-14.2.0.tgz 2898ms (cache miss)
1073 http fetch GET 200 https://registry.npmjs.org/jsonwebtoken/-/jsonwebtoken-9.0.3.tgz 2867ms (cache miss)
1074 http fetch GET 200 https://registry.npmjs.org/debug/-/debug-2.6.9.tgz 2890ms (cache miss)
1075 http fetch GET 200 https://registry.npmjs.org/socket.io-parser/-/socket.io-parser-4.2.7.tgz 2977ms (cache miss)
1076 http fetch GET 200 https://registry.npmjs.org/express/-/express-4.22.3.tgz 2930ms (cache miss)
1077 http fetch GET 200 https://registry.npmjs.org/sift/-/sift-17.1.3.tgz 2976ms (cache miss)
1078 http fetch GET 200 https://registry.npmjs.org/qs/-/qs-6.16.0.tgz 2957ms (cache miss)
1079 http fetch GET 200 https://registry.npmjs.org/engine.io-parser/-/engine.io-parser-5.2.3.tgz 3027ms (cache miss)
1080 http fetch GET 200 https://registry.npmjs.org/object-inspect/-/object-inspect-1.13.4.tgz 3016ms (cache miss)
1081 http fetch GET 200 https://registry.npmjs.org/iconv-lite/-/iconv-lite-0.4.24.tgz 2994ms (cache miss)
1082 http fetch GET 200 https://registry.npmjs.org/bcryptjs/-/bcryptjs-2.4.3.tgz 2974ms (cache miss)
1083 http fetch GET 200 https://registry.npmjs.org/engine.io/-/engine.io-6.6.10.tgz 3050ms (cache miss)
1084 http fetch GET 200 https://registry.npmjs.org/undici-types/-/undici-types-8.9.0.tgz 3069ms (cache miss)
1085 http fetch GET 200 https://registry.npmjs.org/@mongodb-js/saslprep/-/saslprep-1.5.4.tgz 3055ms (cache miss)
1086 http fetch GET 200 https://registry.npmjs.org/semver/-/semver-7.8.5.tgz 3068ms (cache miss)
1087 http fetch GET 200 https://registry.npmjs.org/socket.io/-/socket.io-4.8.3.tgz 3049ms (cache miss)
1088 http fetch GET 200 https://registry.npmjs.org/bson/-/bson-6.10.4.tgz 3228ms (cache miss)
1089 http fetch GET 200 https://registry.npmjs.org/@types/node/-/node-26.6.2.tgz 3307ms (cache miss)
1090 http fetch GET 200 https://registry.npmjs.org/mongoose/-/mongoose-8.24.4.tgz 3548ms (cache miss)
1091 http fetch GET 200 https://registry.npmjs.org/mongodb/-/mongodb-6.20.0.tgz 3753ms (cache miss)
1092 silly ADD node_modules/punycode
1093 silly ADD node_modules/webidl-conversions
1094 silly ADD node_modules/tr46
1095 silly ADD node_modules/media-typer
1096 silly ADD node_modules/memory-pager
1097 silly ADD node_modules/@socket.io/component-emitter
1098 silly ADD node_modules/undici-types
1099 silly ADD node_modules/ws
1100 silly ADD node_modules/engine.io-parser
1101 silly ADD node_modules/@types/ws
1102 silly ADD node_modules/@types/node
1103 silly ADD node_modules/@types/cors
1104 silly ADD node_modules/socket.io-parser
1105 silly ADD node_modules/socket.io-parser/node_modules/ms
1106 silly ADD node_modules/socket.io-parser/node_modules/debug
1107 silly ADD node_modules/socket.io-adapter
1108 silly ADD node_modules/socket.io-adapter/node_modules/ms
1109 silly ADD node_modules/socket.io-adapter/node_modules/debug
1110 silly ADD node_modules/engine.io
1111 silly ADD node_modules/engine.io/node_modules/ms
1112 silly ADD node_modules/engine.io/node_modules/debug
1113 silly ADD node_modules/base64id
1114 silly ADD node_modules/dunder-proto
1115 silly ADD node_modules/math-intrinsics
1116 silly ADD node_modules/hasown
1117 silly ADD node_modules/has-symbols
1118 silly ADD node_modules/gopd
1119 silly ADD node_modules/get-proto
1120 silly ADD node_modules/es-object-atoms
1121 silly ADD node_modules/function-bind
1122 silly ADD node_modules/call-bind-apply-helpers
1123 silly ADD node_modules/get-intrinsic
1124 silly ADD node_modules/call-bound
1125 silly ADD node_modules/side-channel-weakmap
1126 silly ADD node_modules/side-channel-map
1127 silly ADD node_modules/side-channel-list
1128 silly ADD node_modules/object-inspect
1129 silly ADD node_modules/es-errors
1130 silly ADD node_modules/mime
1131 silly ADD node_modules/side-channel
1132 silly ADD node_modules/es-define-property
1133 silly ADD node_modules/ipaddr.js
1134 silly ADD node_modules/forwarded
1135 silly ADD node_modules/ee-first
1136 silly ADD node_modules/@types/webidl-conversions
1137 silly ADD node_modules/whatwg-url
1138 silly ADD node_modules/@types/whatwg-url
1139 silly ADD node_modules/sparse-bitfield
1140 silly ADD node_modules/mongodb-connection-string-url
1141 silly ADD node_modules/@mongodb-js/saslprep
1142 silly ADD node_modules/sift
1143 silly ADD node_modules/mquery
1144 silly ADD node_modules/mquery/node_modules/ms
1145 silly ADD node_modules/mquery/node_modules/debug
1146 silly ADD node_modules/mpath
1147 silly ADD node_modules/mongodb
1148 silly ADD node_modules/kareem
1149 silly ADD node_modules/bson
1150 silly ADD node_modules/mime-db
1151 silly ADD node_modules/ecdsa-sig-formatter
1152 silly ADD node_modules/buffer-equal-constant-time
1153 silly ADD node_modules/jwa
1154 silly ADD node_modules/semver
1155 silly ADD node_modules/lodash.once
1156 silly ADD node_modules/lodash.isstring
1157 silly ADD node_modules/lodash.isplainobject
1158 silly ADD node_modules/lodash.isnumber
1159 silly ADD node_modules/lodash.isinteger
1160 silly ADD node_modules/lodash.isboolean
1161 silly ADD node_modules/lodash.includes
1162 silly ADD node_modules/jws
1163 silly ADD node_modules/safer-buffer
1164 silly ADD node_modules/toidentifier
1165 silly ADD node_modules/inherits
1166 silly ADD node_modules/ms
1167 silly ADD node_modules/unpipe
1168 silly ADD node_modules/raw-body
1169 silly ADD node_modules/iconv-lite
1170 silly ADD node_modules/destroy
1171 silly ADD node_modules/bytes
1172 silly ADD node_modules/negotiator
1173 silly ADD node_modules/mime-types
1174 silly ADD node_modules/utils-merge
1175 silly ADD node_modules/type-is
1176 silly ADD node_modules/statuses
1177 silly ADD node_modules/setprototypeof
1178 silly ADD node_modules/serve-static
1179 silly ADD node_modules/send
1180 silly ADD node_modules/send/node_modules/ms
1181 silly ADD node_modules/safe-buffer
1182 silly ADD node_modules/range-parser
1183 silly ADD node_modules/qs
1184 silly ADD node_modules/proxy-addr
1185 silly ADD node_modules/path-to-regexp
1186 silly ADD node_modules/parseurl
1187 silly ADD node_modules/on-finished
1188 silly ADD node_modules/methods
1189 silly ADD node_modules/merge-descriptors
1190 silly ADD node_modules/http-errors
1191 silly ADD node_modules/fresh
1192 silly ADD node_modules/finalhandler
1193 silly ADD node_modules/etag
1194 silly ADD node_modules/escape-html
1195 silly ADD node_modules/encodeurl
1196 silly ADD node_modules/depd
1197 silly ADD node_modules/debug
1198 silly ADD node_modules/cookie-signature
1199 silly ADD node_modules/cookie
1200 silly ADD node_modules/content-type
1201 silly ADD node_modules/content-disposition
1202 silly ADD node_modules/body-parser
1203 silly ADD node_modules/array-flatten
1204 silly ADD node_modules/accepts
1205 silly ADD node_modules/vary
1206 silly ADD node_modules/object-assign
1207 silly ADD node_modules/socket.io
1208 silly ADD node_modules/socket.io/node_modules/ms
1209 silly ADD node_modules/socket.io/node_modules/debug
1210 silly ADD node_modules/mongoose
1211 silly ADD node_modules/mongoose/node_modules/ms
1212 silly ADD node_modules/jsonwebtoken
1213 silly ADD node_modules/jsonwebtoken/node_modules/ms
1214 silly ADD node_modules/express
1215 silly ADD node_modules/dotenv
1216 silly ADD node_modules/cors
1217 silly ADD node_modules/bcryptjs
1218 verbose cwd E:\Food delivery system\backend
1219 verbose os Windows_NT 10.0.26200
1220 verbose node v22.14.0
1221 verbose npm  v10.9.2
1222 notice
1222 notice New [31mmajor[39m version of npm available! [31m10.9.2[39m -> [34m12.0.2[39m
1222 notice Changelog: [34mhttps://github.com/npm/cli/releases/tag/v12.0.2[39m
1222 notice To update run: [4mnpm install -g npm@12.0.2[24m
1222 notice  { force: true, [Symbol(proc-log.meta)]: true }
1223 verbose exit 0
1224 info ok
